SITE,OBS_YEAR,REGION,ISLAND,REEF_ZONE,DEPTH_BIN,SITEVISITID.x,METHOD,REGION_NAME,ANALYSIS_SEC,ANALYSIS_YEAR,ANALYSIS_STRATA,DATE_.x,LATITUDE.x,LONGITUDE.x,DEPTH,ANALYSIS_SCHEME,Watershed,fishSuscept
TUT-02305,2016,SAMOA,Tutuila,Forereef,Shallow,9414,nSPC,American Samoa,TUT_NW,2016,ForereefShallow,2016-04-26,-14.289558,-170.74007,3.8,AS_SANCTUARY,Aasu,2.8019801980198
TUT-02299,2016,SAMOA,Tutuila,Forereef,Shallow,9476,nSPC,American Samoa,TUT_NW,2016,ForereefShallow,2016-04-30,-14.288523,-170.739988,4.3,AS_SANCTUARY,Aasu,3.10491071428571
TUT-02283,2016,SAMOA,Tutuila,Forereef,Mid,9413,nSPC,American Samoa,TUT_NW,2016,ForereefMid,2016-04-26,-14.29012,-170.758295,8.55,AS_SANCTUARY,Aasu,2.71895424836601
TUT-01079,2015,SAMOA,Tutuila,Forereef,Mid,8224,nSPC,American Samoa,TUT_NW,2015,ForereefMid,2015-03-04,-14.28069745,-170.73167972,10.7,AS_SANCTUARY,Aasu,2.71162790697674
TUT-02282,2016,SAMOA,Tutuila,Forereef,Mid,9479,nSPC,American Samoa,TUT_NW,2016,ForereefMid,2016-04-30,-14.28101,-170.732824,10.95,AS_SANCTUARY,Aasu,3.2695652173913
TUT-02284,2016,SAMOA,Tutuila,Forereef,Mid,9408,nSPC,American Samoa,TUT_NW,2016,ForereefMid,2016-04-26,-14.290654,-170.744512,11.1,AS_SANCTUARY,Aasu,2.17401392111369
TUT-02294,2016,SAMOA,Tutuila,Forereef,Mid,9420,nSPC,American Samoa,TUT_NW,2016,ForereefMid,2016-04-26,-14.288876,-170.742567,16.35,AS_SANCTUARY,Aasu,2.74061433447099
TUT-02263,2016,SAMOA,Tutuila,Forereef,Mid,9486,nSPC,American Samoa,TUT_NW,2016,ForereefMid,2016-04-30,-14.280773,-170.73305,17.4,AS_SANCTUARY,Aasu,2.58019801980198
TUT-02261,2016,SAMOA,Tutuila,Forereef,Deep,9480,nSPC,American Samoa,TUT_NW,2016,ForereefDeep,2016-04-30,-14.283211,-170.735238,23.3,AS_SANCTUARY,Aasu,2.53153153153153
TUT-01214,2015,SAMOA,Tutuila,Forereef,Deep,8225,nSPC,American Samoa,TUT_NW,2015,ForereefDeep,2015-03-04,-14.28867191,-170.75800309,26.15,AS_SANCTUARY,Aasu,1.2
TUT-01024,2015,SAMOA,Tutuila,Forereef,Deep,8214,nSPC,American Samoa,TUT_NW,2015,ForereefDeep,2015-03-04,-14.27826268,-170.73883183,28.5,AS_SANCTUARY,Aasu,1.92857142857143
TUT-00056,2008,SAMOA,Tutuila,Forereef,Mid,1267,nSPC,American Samoa,Tutuila,2008,ForereefMid,2008-02-20,-14.290533,-170.748417,6.5,RAMP_BASIC,Aasu,2.75285171102662
TUT-00012,2008,SAMOA,Tutuila,Forereef,Mid,1263,nSPC,American Samoa,Tutuila,2008,ForereefMid,2008-02-20,-14.28988,-170.75945,10,RAMP_BASIC,Aasu,1.64870689655172
TUT-00421,2010,SAMOA,Tutuila,Forereef,Shallow,2217,nSPC,American Samoa,TUT_NW,2010,ForereefShallow,2010-02-22,-14.29056,-170.75977,3,TUT10_12,Aasu,1.77777777777778
TUT-00503,2012,SAMOA,Tutuila,Forereef,Mid,4462,nSPC,American Samoa,TUT_NW,2012,ForereefMid,2012-04-02,-14.28200201,-170.73300641,8.05,TUT10_12,Aasu,3.11171662125341
TUT-00596,2012,SAMOA,Tutuila,Forereef,Mid,4469,nSPC,American Samoa,TUT_NW,2012,ForereefMid,2012-04-02,-14.29241887,-170.75163192,10.7,TUT10_12,Aasu,2.68281938325991
TUT-00563,2012,SAMOA,Tutuila,Forereef,Mid,4468,nSPC,American Samoa,TUT_NW,2012,ForereefMid,2012-04-02,-14.28918606,-170.74226322,12.5,TUT10_12,Aasu,2.88983050847458
TUT-00276,2010,SAMOA,Tutuila,Forereef,Deep,2216,nSPC,American Samoa,TUT_NW,2010,ForereefDeep,2010-02-22,-14.28876,-170.75703,21.5,TUT10_12,Aasu,2.30769230769231
TUT-00527,2012,SAMOA,Tutuila,Forereef,Deep,4463,nSPC,American Samoa,TUT_NW,2012,ForereefDeep,2012-04-02,-14.2876572,-170.75897279,24.8,TUT10_12,Aasu,2.31906614785992
TUT-00206,2010,SAMOA,Tutuila,Forereef,Deep,2335,nSPC,American Samoa,TUT_NW,2010,ForereefDeep,2010-03-07,-14.27647,-170.73969,25,TUT10_12,Aasu,1.78240740740741
TUT-00548,2012,SAMOA,Tutuila,Forereef,Deep,4467,nSPC,American Samoa,TUT_NW,2012,ForereefDeep,2012-04-02,-14.27824734,-170.73565719,27.25,TUT10_12,Aasu,2.8364312267658
TUT-01110,2015,SAMOA,Tutuila,Forereef,Shallow,8274,nSPC,American Samoa,TUT_SW,2015,ForereefShallow,2015-03-06,-14.33655119,-170.79437845,3.75,AS_SANCTUARY,Afao - Asili,2.59929078014184
TUT-02393,2016,SAMOA,Tutuila,Forereef,Mid,9311,nSPC,American Samoa,TUT_SW,2016,ForereefMid,2016-04-16,-14.335391,-170.802619,10.05,AS_SANCTUARY,Afao - Asili,2.83835616438356
TUT-02369,2016,SAMOA,Tutuila,Forereef,Mid,9322,nSPC,American Samoa,TUT_SW,2016,ForereefMid,2016-04-16,-14.335842,-170.795809,13.4,AS_SANCTUARY,Afao - Asili,2.44744744744745
TUT-01250,2015,SAMOA,Tutuila,Forereef,Deep,8243,nSPC,American Samoa,TUT_SW,2015,ForereefDeep,2015-03-05,-14.33824391,-170.80395067,23.65,AS_SANCTUARY,Afao - Asili,2.2533692722372
TUT-00451,2010,SAMOA,Tutuila,Forereef,Shallow,2269,nSPC,American Samoa,TUT_SW,2010,ForereefShallow,2010-02-28,-14.33398,-170.8015,3.5,TUT10_12,Afao - Asili,2.61176470588235
TUT-00242,2010,SAMOA,Tutuila,Forereef,Shallow,2191,nSPC,American Samoa,TUT_SW,2010,ForereefShallow,2010-02-20,-14.33475,-170.80322,4.5,TUT10_12,Afao - Asili,2.48717948717949
TUT-00546,2012,SAMOA,Tutuila,Forereef,Mid,4478,nSPC,American Samoa,TUT_SW,2012,ForereefMid,2012-04-03,-14.33572196,-170.79618509,13.05,TUT10_12,Afao - Asili,1.60050890585242
TUT-02346,2016,SAMOA,Tutuila,Forereef,Shallow,9466,nSPC,American Samoa,TUT_NE,2016,ForereefShallow,2016-04-29,-14.251465,-170.642726,4.35,AS_SANCTUARY,Afono,2.9319587628866
TUT-01154,2015,SAMOA,Tutuila,Forereef,Shallow,8136,nSPC,American Samoa,TUT_NE,2015,ForereefShallow,2015-02-27,-14.25285554,-170.64565684,5.8,AS_SANCTUARY,Afono,2.30434782608696
TUT-01046,2015,SAMOA,Tutuila,Forereef,Mid,8135,nSPC,American Samoa,TUT_NE,2015,ForereefMid,2015-02-27,-14.25527698,-170.65260736,9.6,AS_SANCTUARY,Afono,2.65448504983389
TUT-02325,2016,SAMOA,Tutuila,Forereef,Mid,9461,nSPC,American Samoa,TUT_NE,2016,ForereefMid,2016-04-29,-14.251471,-170.641196,9.75,AS_SANCTUARY,Afono,2.69201520912548
TUT-00014,2008,SAMOA,Tutuila,Forereef,Mid,1258,nSPC,American Samoa,Tutuila,2008,ForereefMid,2008-02-19,-14.25372,-170.65259,12,RAMP_BASIC,Afono,3.01176470588235
TUT-00052,2008,SAMOA,Tutuila,Forereef,Deep,1260,nSPC,American Samoa,Tutuila,2008,ForereefDeep,2008-02-19,-14.24765,-170.645033,21.5,RAMP_BASIC,Afono,2.30397727272727
TUT-00598,2012,SAMOA,Tutuila,Forereef,Deep,4569,nSPC,American Samoa,TUT_NE,2012,ForereefDeep,2012-04-06,-14.24707403,-170.64620375,21.85,TUT10_12,Afono,2.66195372750643
TUT-01112,2015,SAMOA,Tutuila,Forereef,Mid,8209,nSPC,American Samoa,TUT_NE,2015,ForereefMid,2015-03-03,-14.26408871,-170.56189673,12.35,AS_SANCTUARY,Alao,2.93642611683849
TUT-00003,2008,SAMOA,Tutuila,Forereef,Mid,1283,nSPC,American Samoa,Tutuila,2008,ForereefMid,2008-02-23,-14.26753,-170.56151,11.25,RAMP_BASIC,Alao,2.5965811965812
TUT-00594,2012,SAMOA,Tutuila,Forereef,Shallow,4584,nSPC,American Samoa,TUT_NE,2012,ForereefShallow,2012-04-07,-14.26082437,-170.55996143,4.45,TUT10_12,Alao,2.93610223642173
TUT-00246,2010,SAMOA,Tutuila,Forereef,Shallow,2243,nSPC,American Samoa,TUT_NE,2010,ForereefShallow,2010-02-25,-14.2623,-170.56104,5.5,TUT10_12,Alao,1.97098214285714
TUT-00244,2010,SAMOA,Tutuila,Forereef,Mid,2242,nSPC,American Samoa,TUT_NE,2010,ForereefMid,2010-02-25,-14.25912,-170.55797,13.5,TUT10_12,Alao,3.10817031070196
TUT-01239,2015,SAMOA,Tutuila,Forereef,Deep,8311,nSPC,American Samoa,TUT_SE,2015,ForereefDeep,2015-03-12,-14.28362626,-170.62850595,21.1,AS_SANCTUARY,Alega,2.56766917293233
TUT-00001,2008,SAMOA,Tutuila,Forereef,Mid,1292,nSPC,American Samoa,Tutuila,2008,ForereefMid,2008-02-25,-14.28443,-170.63793,11.25,RAMP_BASIC,Alega,2.22315436241611
TUT-00307,2010,SAMOA,Tutuila,Forereef,Shallow,2134,nSPC,American Samoa,TUT_SE,2010,ForereefShallow,2010-02-17,-14.28602,-170.63841,4.5,TUT10_12,Alega,2.67044025157233
TUT-00226,2010,SAMOA,Tutuila,Forereef,Shallow,2138,nSPC,American Samoa,TUT_SE,2010,ForereefShallow,2010-02-17,-14.28314,-170.63144,4.5,TUT10_12,Alega,2.92405063291139
TUT-00423,2010,SAMOA,Tutuila,Forereef,Shallow,2253,nSPC,American Samoa,TUT_SE,2010,ForereefShallow,2010-02-26,-14.28185,-170.63768,6.5,TUT10_12,Alega,2.57451923076923
TUT-00504,2012,SAMOA,Tutuila,Forereef,Mid,4453,nSPC,American Samoa,TUT_SE,2012,ForereefMid,2012-04-01,-14.28248447,-170.6364887,11.85,TUT10_12,Alega,1.99166666666667
TUT-00513,2012,SAMOA,Tutuila,Forereef,Mid,4444,nSPC,American Samoa,TUT_SE,2012,ForereefMid,2012-04-01,-14.288335,-170.63475,12.7,TUT10_12,Alega,1.84807256235828
TUT-00452,2010,SAMOA,Tutuila,Forereef,Mid,2249,nSPC,American Samoa,TUT_SE,2010,ForereefMid,2010-02-26,-14.28579,-170.63815,13.25,TUT10_12,Alega,2.65663716814159
TUT-01379,2015,SAMOA,Tutuila,Forereef,Mid,8273,nSPC,American Samoa,TUT_SW,2015,ForereefMid,2015-03-06,-14.32688727,-170.83272927,14.1,AS_SANCTUARY,Amanave,2.69585253456221
TUT-00006,2008,SAMOA,Tutuila,Forereef,Mid,1269,nSPC,American Samoa,Tutuila,2008,ForereefMid,2008-02-21,-14.32808,-170.8319,12,RAMP_BASIC,Amanave,2.96030534351145
TUT-00214,2010,SAMOA,Tutuila,Forereef,Shallow,2190,nSPC,American Samoa,TUT_SW,2010,ForereefShallow,2010-02-20,-14.3265,-170.83542,4.5,TUT10_12,Amanave,2.28495575221239
TUT-00337,2010,SAMOA,Tutuila,Forereef,Shallow,2273,nSPC,American Samoa,TUT_SW,2010,ForereefShallow,2010-02-28,-14.32524,-170.84183,5.5,TUT10_12,Amanave,2.48796498905908
TUT-00262,2010,SAMOA,Tutuila,Forereef,Shallow,2272,nSPC,American Samoa,TUT_SW,2010,ForereefShallow,2010-02-28,-14.32669,-170.83447,6,TUT10_12,Amanave,2.3290113452188
TUT-00353,2010,SAMOA,Tutuila,Forereef,Mid,2193,nSPC,American Samoa,TUT_SW,2010,ForereefMid,2010-02-20,-14.32988,-170.83168,10.5,TUT10_12,Amanave,3.0426638917794
TUT-01095,2015,SAMOA,Tutuila,Forereef,Shallow,8179,nSPC,American Samoa,TUT_SE,2015,ForereefShallow,2015-03-02,-14.2831396,-170.59820613,4.1,AS_SANCTUARY,Amouli,3.19230769230769
TUT-01240,2015,SAMOA,Tutuila,Forereef,Mid,8174,nSPC,American Samoa,TUT_SE,2015,ForereefMid,2015-03-02,-14.28007015,-170.58951376,10.4,AS_SANCTUARY,Amouli,3.1878453038674
TUT-01226,2015,SAMOA,Tutuila,Forereef,Mid,8149,nSPC,American Samoa,TUT_SE,2015,ForereefMid,2015-02-28,-14.28648759,-170.60070268,15.2,AS_SANCTUARY,Amouli,2.70642201834862
TUT-00065,2008,SAMOA,Tutuila,Forereef,Deep,1285,nSPC,American Samoa,Tutuila,2008,ForereefDeep,2008-02-23,-14.284133,-170.594867,22,RAMP_BASIC,Amouli,2.9853249475891
TUT-00661,2012,SAMOA,Tutuila,Forereef,Shallow,4578,nSPC,American Samoa,TUT_SE,2012,ForereefShallow,2012-04-07,-14.28113121,-170.59382499,4.1,TUT10_12,Amouli,2.79283887468031
TUT-00317,2010,SAMOA,Tutuila,Forereef,Mid,2175,nSPC,American Samoa,TUT_SE,2010,ForereefMid,2010-02-19,-14.28333,-170.59865,13.5,TUT10_12,Amouli,2.41164241164241
TUT-00537,2012,SAMOA,Tutuila,Forereef,Mid,4599,nSPC,American Samoa,TUT_SE,2012,ForereefMid,2012-04-08,-14.2815887,-170.59484926,14.6,TUT10_12,Amouli,3.41627906976744
TUT-00534,2012,SAMOA,Tutuila,Forereef,Mid,4601,nSPC,American Samoa,TUT_SE,2012,ForereefMid,2012-04-08,-14.2852733,-170.60012483,18.3,TUT10_12,Amouli,2.70798898071625
TUT-00313,2010,SAMOA,Tutuila,Forereef,Deep,2163,nSPC,American Samoa,TUT_SE,2010,ForereefDeep,2010-02-19,-14.27946,-170.58725,25,TUT10_12,Amouli,2.44636678200692
TUT-01062,2015,SAMOA,Tutuila,Forereef,Shallow,8161,nSPC,American Samoa,TUT_NW,2015,ForereefShallow,2015-03-01,-14.29200682,-170.77328615,4.25,AS_SANCTUARY,Aoloau Sasae,2.38157894736842
TUT-02302,2016,SAMOA,Tutuila,Forereef,Shallow,9411,nSPC,American Samoa,TUT_NW,2016,ForereefShallow,2016-04-26,-14.292735,-170.780252,6.9,AS_SANCTUARY,Aoloau Sasae,2.81081081081081
TUT-01199,2015,SAMOA,Tutuila,Forereef,Mid,8216,nSPC,American Samoa,TUT_NW,2015,ForereefMid,2015-03-04,-14.28694172,-170.76149466,9.25,AS_SANCTUARY,Aoloau Sasae,2.98382352941176
TUT-02290,2016,SAMOA,Tutuila,Forereef,Mid,9412,nSPC,American Samoa,TUT_NW,2016,ForereefMid,2016-04-26,-14.288525,-170.768884,11.2,AS_SANCTUARY,Aoloau Sasae,2.98187808896211
TUT-02285,2016,SAMOA,Tutuila,Forereef,Mid,9407,nSPC,American Samoa,TUT_NW,2016,ForereefMid,2016-04-26,-14.291442,-170.773782,11.25,AS_SANCTUARY,Aoloau Sasae,2.75149700598802
TUT-01043,2015,SAMOA,Tutuila,Forereef,Mid,8163,nSPC,American Samoa,TUT_NW,2015,ForereefMid,2015-03-01,-14.28764462,-170.78198707,12.1,AS_SANCTUARY,Aoloau Sasae,3.23094688221709
TUT-01257,2015,SAMOA,Tutuila,Forereef,Mid,8164,nSPC,American Samoa,TUT_NW,2015,ForereefMid,2015-03-01,-14.29101725,-170.77617304,13.2,AS_SANCTUARY,Aoloau Sasae,2.91891891891892
TUT-02274,2016,SAMOA,Tutuila,Forereef,Deep,9417,nSPC,American Samoa,TUT_NW,2016,ForereefDeep,2016-04-26,-14.286546,-170.76196,20.8,AS_SANCTUARY,Aoloau Sasae,2.74729241877256
TUT-01006,2015,SAMOA,Tutuila,Forereef,Deep,8226,nSPC,American Samoa,TUT_NW,2015,ForereefDeep,2015-03-04,-14.28800253,-170.78060556,23.35,AS_SANCTUARY,Aoloau Sasae,2.61627906976744
TUT-00008,2008,SAMOA,Tutuila,Forereef,Mid,1271,nSPC,American Samoa,Tutuila,2008,ForereefMid,2008-02-21,-14.29173,-170.78057,11.25,RAMP_BASIC,Aoloau Sasae,2.23255813953488
TUT-00057,2008,SAMOA,Tutuila,Forereef,Deep,1268,nSPC,American Samoa,Tutuila,2008,ForereefDeep,2008-02-20,-14.29015,-170.771233,21,RAMP_BASIC,Aoloau Sasae,2.95238095238095
TUT-00342,2010,SAMOA,Tutuila,Forereef,Shallow,2213,nSPC,American Samoa,TUT_NW,2010,ForereefShallow,2010-02-22,-14.29218,-170.7739,3,TUT10_12,Aoloau Sasae,3.13866666666667
TUT-00628,2012,SAMOA,Tutuila,Forereef,Shallow,4472,nSPC,American Samoa,TUT_NW,2012,ForereefShallow,2012-04-02,-14.29235945,-170.77362712,4.15,TUT10_12,Aoloau Sasae,1.98591549295775
TUT-00481,2010,SAMOA,Tutuila,Forereef,Mid,2230,nSPC,American Samoa,TUT_NW,2010,ForereefMid,2010-02-22,-14.29,-170.77087,9.5,TUT10_12,Aoloau Sasae,1.68674698795181
TUT-00303,2010,SAMOA,Tutuila,Forereef,Mid,2215,nSPC,American Samoa,TUT_NW,2010,ForereefMid,2010-02-22,-14.29028,-170.77148,13,TUT10_12,Aoloau Sasae,1.96323529411765
TUT-00484,2010,SAMOA,Tutuila,Forereef,Mid,2212,nSPC,American Samoa,TUT_NW,2010,ForereefMid,2010-02-22,-14.29105,-170.7765,16,TUT10_12,Aoloau Sasae,2.68600682593857
TUT-00457,2010,SAMOA,Tutuila,Forereef,Deep,2228,nSPC,American Samoa,TUT_NW,2010,ForereefDeep,2010-02-22,-14.28812,-170.78069,23,TUT10_12,Aoloau Sasae,2.64772727272727
TUT-01026,2015,SAMOA,Tutuila,Forereef,Shallow,8227,nSPC,American Samoa,TUT_NW,2015,ForereefShallow,2015-03-04,-14.29233262,-170.79328914,4.35,AS_SANCTUARY,Aoloau Sisifo,2.09032258064516
TUT-02296,2016,SAMOA,Tutuila,Forereef,Mid,9406,nSPC,American Samoa,TUT_NW,2016,ForereefMid,2016-04-26,-14.28733,-170.784499,13.5,AS_SANCTUARY,Aoloau Sisifo,2.44871794871795
TUT-02264,2016,SAMOA,Tutuila,Forereef,Deep,9410,nSPC,American Samoa,TUT_NW,2016,ForereefDeep,2016-04-26,-14.289231,-170.789957,21.85,AS_SANCTUARY,Aoloau Sisifo,2.97737556561086
TUT-01114,2015,SAMOA,Tutuila,Forereef,Deep,8168,nSPC,American Samoa,TUT_NW,2015,ForereefDeep,2015-03-01,-14.28939384,-170.79099485,24.5,AS_SANCTUARY,Aoloau Sisifo,2.89458689458689
TUT-00299,2010,SAMOA,Tutuila,Forereef,Mid,2229,nSPC,American Samoa,TUT_NW,2010,ForereefMid,2010-02-22,-14.28932,-170.79051,13.5,TUT10_12,Aoloau Sisifo,2.49386503067485
TUT-00291,2010,SAMOA,Tutuila,Forereef,Deep,2209,nSPC,American Samoa,TUT_NW,2010,ForereefDeep,2010-02-22,-14.29002,-170.79231,24,TUT10_12,Aoloau Sisifo,3.1455525606469
TUT-01023,2015,SAMOA,Tutuila,Forereef,Shallow,8170,nSPC,American Samoa,TUT_SE,2015,ForereefShallow,2015-03-02,-14.27295358,-170.56788141,2.55,AS_SANCTUARY,Auasi,3.03966005665722
TUT-01131,2015,SAMOA,Tutuila,Forereef,Shallow,8143,nSPC,American Samoa,TUT_SE,2015,ForereefShallow,2015-02-28,-14.27502039,-170.57524131,3.1,AS_SANCTUARY,Auasi,2.86017699115044
TUT-01077,2015,SAMOA,Tutuila,Forereef,Shallow,8210,nSPC,American Samoa,TUT_NE,2015,ForereefShallow,2015-03-03,-14.27114502,-170.5647221,4.05,AS_SANCTUARY,Auasi,1.8695652173913
TUT-01345,2015,SAMOA,Tutuila,Forereef,Mid,8142,nSPC,American Samoa,TUT_NE,2015,ForereefMid,2015-02-28,-14.26961079,-170.56327312,7,AS_SANCTUARY,Auasi,2.97959183673469
TUT-01094,2015,SAMOA,Tutuila,Forereef,Mid,8197,nSPC,American Samoa,TUT_SE,2015,ForereefMid,2015-03-03,-14.27632151,-170.57603692,13,AS_SANCTUARY,Auasi,3.37908496732026
TUT-00559,2012,SAMOA,Tutuila,Forereef,Shallow,4586,nSPC,American Samoa,TUT_SE,2012,ForereefShallow,2012-04-07,-14.27516388,-170.57548287,2.95,TUT10_12,Auasi,2.68761904761905
TUT-00571,2012,SAMOA,Tutuila,Forereef,Mid,4585,nSPC,American Samoa,TUT_SE,2012,ForereefMid,2012-04-07,-14.27417993,-170.57211779,7.9,TUT10_12,Auasi,3.03981264637002
TUT-00369,2010,SAMOA,Tutuila,Forereef,Mid,2200,nSPC,American Samoa,TUT_NE,2010,ForereefMid,2010-02-21,-14.27318,-170.56592,13,TUT10_12,Auasi,2.51428571428571
TUT-01071,2015,SAMOA,Tutuila,Forereef,Shallow,8615,nSPC,American Samoa,AUNUU_SANCTUARY_B,2015,ForereefShallow,2015-03-28,-14.27967737,-170.54867755,4.6,AS_SANCTUARY,Aunuu,2.6452442159383
TUT-01053,2015,SAMOA,Tutuila,Forereef,Shallow,8628,nSPC,American Samoa,AUNUU_SANCTUARY_B,2015,ForereefShallow,2015-03-29,-14.27851958,-170.54976208,4.75,AS_SANCTUARY,Aunuu,2.86915887850467
TUT-01035,2015,SAMOA,Tutuila,Forereef,Shallow,8627,nSPC,American Samoa,TUT_NE,2015,ForereefShallow,2015-03-29,-14.28632355,-170.54601881,5.45,AS_SANCTUARY,Aunuu,3.22108345534407
TUT-01017,2015,SAMOA,Tutuila,Forereef,Shallow,8616,nSPC,American Samoa,AUNUU_SANCTUARY_B,2015,ForereefShallow,2015-03-28,-14.28394234,-170.54528187,5.45,AS_SANCTUARY,Aunuu,2.47666666666667
TUT-01016,2015,SAMOA,Tutuila,Forereef,Mid,8618,nSPC,American Samoa,AUNUU_SANCTUARY_B,2015,ForereefMid,2015-03-28,-14.27857289,-170.54882289,9.1,AS_SANCTUARY,Aunuu,2.90330188679245
TUT-01207,2015,SAMOA,Tutuila,Forereef,Mid,8609,nSPC,American Samoa,AUNUU_SANCTUARY_B,2015,ForereefMid,2015-03-28,-14.28520977,-170.54547851,9.75,AS_SANCTUARY,Aunuu,1.85810810810811
TUT-01221,2015,SAMOA,Tutuila,Forereef,Mid,8617,nSPC,American Samoa,AUNUU_SANCTUARY_B,2015,ForereefMid,2015-03-28,-14.28243703,-170.54547759,11.8,AS_SANCTUARY,Aunuu,2.74721189591078
TUT-01106,2015,SAMOA,Tutuila,Forereef,Mid,8636,nSPC,American Samoa,AUNUU_SANCTUARY_B,2015,ForereefMid,2015-03-29,-14.27903046,-170.54739126,12.5,AS_SANCTUARY,Aunuu,3.07569721115538
TUT-01052,2015,SAMOA,Tutuila,Forereef,Mid,8634,nSPC,American Samoa,AUNUU_SANCTUARY_B,2015,ForereefMid,2015-03-29,-14.27995616,-170.54644939,13.25,AS_SANCTUARY,Aunuu,3.08712871287129
TUT-01159,2015,SAMOA,Tutuila,Forereef,Mid,8629,nSPC,American Samoa,AUNUU_SANCTUARY_B,2015,ForereefMid,2015-03-29,-14.27731728,-170.54777591,13.45,AS_SANCTUARY,Aunuu,3.31468531468531
TUT-01088,2015,SAMOA,Tutuila,Forereef,Mid,8612,nSPC,American Samoa,AUNUU_SANCTUARY_B,2015,ForereefMid,2015-03-28,-14.27702383,-170.54617488,15.4,AS_SANCTUARY,Aunuu,3.17132216014898
TUT-01142,2015,SAMOA,Tutuila,Forereef,Mid,8610,nSPC,American Samoa,AUNUU_SANCTUARY_B,2015,ForereefMid,2015-03-28,-14.27612051,-170.54831645,16.25,AS_SANCTUARY,Aunuu,3.14537444933921
TUT-01175,2015,SAMOA,Tutuila,Forereef,Mid,8613,nSPC,American Samoa,AUNUU_SANCTUARY_B,2015,ForereefMid,2015-03-28,-14.27911093,-170.54459405,17.25,AS_SANCTUARY,Aunuu,2.98787878787879
TUT-01368,2015,SAMOA,Tutuila,Forereef,Deep,8141,nSPC,American Samoa,AUNUU_SANCTUARY_B,2015,ForereefDeep,2015-02-28,-14.28050995,-170.54277107,19.5,AS_SANCTUARY,Aunuu,3.38628762541806
TUT-01069,2015,SAMOA,Tutuila,Forereef,Deep,8196,nSPC,American Samoa,AUNUU_SANCTUARY_B,2015,ForereefDeep,2015-03-03,-14.27730655,-170.53832933,21.5,AS_SANCTUARY,Aunuu,3.52851711026616
TUT-01349,2015,SAMOA,Tutuila,Forereef,Deep,8145,nSPC,American Samoa,AUNUU_SANCTUARY_B,2015,ForereefDeep,2015-02-28,-14.27493883,-170.5390604,21.75,AS_SANCTUARY,Aunuu,3.2804347826087
TUT-01383,2015,SAMOA,Tutuila,Forereef,Deep,8608,nSPC,American Samoa,AUNUU_SANCTUARY_B,2015,ForereefDeep,2015-03-28,-14.28037927,-170.54094943,21.95,AS_SANCTUARY,Aunuu,2.98422712933754
TUT-01362,2015,SAMOA,Tutuila,Forereef,Deep,8198,nSPC,American Samoa,AUNUU_SANCTUARY_B,2015,ForereefDeep,2015-03-03,-14.28297515,-170.53911966,22.15,AS_SANCTUARY,Aunuu,3
TUT-01141,2015,SAMOA,Tutuila,Forereef,Deep,8626,nSPC,American Samoa,AUNUU_SANCTUARY_B,2015,ForereefDeep,2015-03-29,-14.28530842,-170.53766725,22.4,AS_SANCTUARY,Aunuu,3.49344262295082
TUT-01234,2015,SAMOA,Tutuila,Forereef,Deep,8625,nSPC,American Samoa,AUNUU_SANCTUARY_B,2015,ForereefDeep,2015-03-29,-14.28213688,-170.53629907,23.85,AS_SANCTUARY,Aunuu,2.87087087087087
TUT-01290,2015,SAMOA,Tutuila,Forereef,Deep,8637,nSPC,American Samoa,AUNUU_SANCTUARY_B,2015,ForereefDeep,2015-03-29,-14.27849947,-170.53839924,24.1,AS_SANCTUARY,Aunuu,2.38071065989848
TUT-01015,2015,SAMOA,Tutuila,Forereef,Deep,8614,nSPC,American Samoa,AUNUU_SANCTUARY_B,2015,ForereefDeep,2015-03-28,-14.27832395,-170.53590252,25.5,AS_SANCTUARY,Aunuu,2.42424242424242
TUT-01356,2015,SAMOA,Tutuila,Forereef,Deep,8211,nSPC,American Samoa,AUNUU_SANCTUARY_B,2015,ForereefDeep,2015-03-03,-14.27895259,-170.53535501,26.4,AS_SANCTUARY,Aunuu,2.61475409836066
TUT-01111,2015,SAMOA,Tutuila,Forereef,Deep,8607,nSPC,American Samoa,TUT_NE,2015,ForereefDeep,2015-03-28,-14.2903814,-170.5452216,28.5,AS_SANCTUARY,Aunuu,2.18911917098446
TUT-00066,2008,SAMOA,Tutuila,Forereef,Shallow,1286,nSPC,American Samoa,Tutuila,2008,ForereefShallow,2008-02-23,-14.277267,-170.557533,4.5,RAMP_BASIC,Aunuu,3.30229746070133
TUT-00016,2008,SAMOA,Tutuila,Forereef,Mid,1284,nSPC,American Samoa,Tutuila,2008,ForereefMid,2008-02-23,-14.28551,-170.56406,10.25,RAMP_BASIC,Aunuu,3.41030358785649
TUT-00212,2010,SAMOA,Tutuila,Forereef,Shallow,2204,nSPC,American Samoa,TUT_NE,2010,ForereefShallow,2010-02-21,-14.27632,-170.5538,5.5,TUT10_12,Aunuu,2.47457627118644
TUT-00531,2012,SAMOA,Tutuila,Forereef,Mid,4575,nSPC,American Samoa,TUT_NE,2012,ForereefMid,2012-04-07,-14.29285724,-170.55654035,8.8,TUT10_12,Aunuu,2.72027972027972
TUT-00356,2010,SAMOA,Tutuila,Forereef,Mid,2161,nSPC,American Samoa,TUT_NE,2010,ForereefMid,2010-02-19,-14.2757,-170.55298,10.5,TUT10_12,Aunuu,2.55496453900709
TUT-00580,2012,SAMOA,Tutuila,Forereef,Mid,4574,nSPC,American Samoa,TUT_NE,2012,ForereefMid,2012-04-07,-14.28012404,-170.5467031,12.55,TUT10_12,Aunuu,3.34
TUT-00321,2010,SAMOA,Tutuila,Forereef,Mid,2203,nSPC,American Samoa,TUT_NE,2010,ForereefMid,2010-02-21,-14.28659,-170.54605,15,TUT10_12,Aunuu,3.27586206896552
TUT-00324,2010,SAMOA,Tutuila,Forereef,Deep,2199,nSPC,American Samoa,TUT_NE,2010,ForereefDeep,2010-02-21,-14.28659,-170.53894,21,TUT10_12,Aunuu,3.16460905349794
TUT-00510,2012,SAMOA,Tutuila,Forereef,Deep,4573,nSPC,American Samoa,TUT_NE,2012,ForereefDeep,2012-04-07,-14.28034767,-170.54164982,21.25,TUT10_12,Aunuu,3.54100106496273
TUT-00218,2010,SAMOA,Tutuila,Forereef,Deep,2167,nSPC,American Samoa,TUT_NE,2010,ForereefDeep,2010-02-19,-14.27984,-170.56089,22.5,TUT10_12,Aunuu,3.4612676056338
TUT-00518,2012,SAMOA,Tutuila,Forereef,Deep,4572,nSPC,American Samoa,TUT_NE,2012,ForereefDeep,2012-04-07,-14.27187868,-170.54048088,24.15,TUT10_12,Aunuu,2.95090016366612
TUT-00552,2012,SAMOA,Tutuila,Forereef,Deep,4587,nSPC,American Samoa,TUT_NE,2012,ForereefDeep,2012-04-07,-14.28032043,-170.56118552,24.8,TUT10_12,Aunuu,3.41116005873715
TUT-00560,2012,SAMOA,Tutuila,Forereef,Deep,4598,nSPC,American Samoa,TUT_NE,2012,ForereefDeep,2012-04-08,-14.28436897,-170.56356724,26.85,TUT10_12,Aunuu,3.02260869565217
TUT-00704,2012,SAMOA,Tutuila,Forereef,Shallow,4609,nSPC,American Samoa,VATIA_FAGAALU,2012,ForereefShallow,2012-04-09,-14.29315371,-170.67527353,2.1,RAMP_BASIC,Faga'alu,2.43122676579926
TUT-00718,2012,SAMOA,Tutuila,Forereef,Shallow,4622,nSPC,American Samoa,VATIA_FAGAALU,2012,ForereefShallow,2012-04-09,-14.28981872,-170.67683273,2.15,RAMP_BASIC,Faga'alu,2.97987927565392
TUT-00779,2012,SAMOA,Tutuila,Forereef,Shallow,4620,nSPC,American Samoa,VATIA_FAGAALU,2012,ForereefShallow,2012-04-09,-14.28594846,-170.67401541,2.4,RAMP_BASIC,Faga'alu,3.17300380228137
TUT-00741,2012,SAMOA,Tutuila,Forereef,Shallow,4638,nSPC,American Samoa,VATIA_FAGAALU,2012,ForereefShallow,2012-04-10,-14.28734128,-170.67526867,2.75,RAMP_BASIC,Faga'alu,2.70081967213115
TUT-00730,2012,SAMOA,Tutuila,Forereef,Shallow,4633,nSPC,American Samoa,VATIA_FAGAALU,2012,ForereefShallow,2012-04-10,-14.28945218,-170.67844835,3.45,RAMP_BASIC,Faga'alu,2.64166666666667
TUT-00764,2012,SAMOA,Tutuila,Forereef,Mid,4611,nSPC,American Samoa,VATIA_FAGAALU,2012,ForereefMid,2012-04-09,-14.29085196,-170.67296591,7.6,RAMP_BASIC,Faga'alu,2.38550724637681
TUT-00762,2012,SAMOA,Tutuila,Forereef,Mid,4594,nSPC,American Samoa,VATIA_FAGAALU,2012,ForereefMid,2012-04-08,-14.29095723,-170.67397987,8,RAMP_BASIC,Faga'alu,2.42328042328042
TUT-00782,2012,SAMOA,Tutuila,Forereef,Mid,4619,nSPC,American Samoa,VATIA_FAGAALU,2012,ForereefMid,2012-04-09,-14.28508009,-170.67411121,8.4,RAMP_BASIC,Faga'alu,3.04953560371517
TUT-00735,2012,SAMOA,Tutuila,Forereef,Mid,4614,nSPC,American Samoa,VATIA_FAGAALU,2012,ForereefMid,2012-04-09,-14.28832439,-170.67781048,8.5,RAMP_BASIC,Faga'alu,2.61650485436893
TUT-00729,2012,SAMOA,Tutuila,Forereef,Mid,4621,nSPC,American Samoa,VATIA_FAGAALU,2012,ForereefMid,2012-04-09,-14.28953826,-170.67643099,10.5,RAMP_BASIC,Faga'alu,2.92565055762082
TUT-00736,2012,SAMOA,Tutuila,Forereef,Mid,4613,nSPC,American Samoa,VATIA_FAGAALU,2012,ForereefMid,2012-04-09,-14.28824694,-170.67722199,10.75,RAMP_BASIC,Faga'alu,2.25764192139738
TUT-00753,2012,SAMOA,Tutuila,Forereef,Mid,4595,nSPC,American Samoa,VATIA_FAGAALU,2012,ForereefMid,2012-04-08,-14.2946156,-170.67512098,12.65,RAMP_BASIC,Faga'alu,2.59315589353612
TUT-00708,2012,SAMOA,Tutuila,Forereef,Mid,4607,nSPC,American Samoa,VATIA_FAGAALU,2012,ForereefMid,2012-04-09,-14.29180825,-170.67634667,14.05,RAMP_BASIC,Faga'alu,2.53496503496504
TUT-00769,2012,SAMOA,Tutuila,Forereef,Shallow,4612,nSPC,American Samoa,VATIA_FAGAALU,2012,ForereefShallow,2012-04-09,-14.29046496,-170.67367502,14.6,RAMP_BASIC,Faga'alu,2.56930693069307
TUT-00778,2012,SAMOA,Tutuila,Forereef,Mid,4616,nSPC,American Samoa,VATIA_FAGAALU,2012,ForereefMid,2012-04-09,-14.2862627,-170.67398909,17.1,RAMP_BASIC,Faga'alu,2.08403361344538
TUT-00726,2012,SAMOA,Tutuila,Forereef,Deep,4631,nSPC,American Samoa,VATIA_FAGAALU,2012,ForereefDeep,2012-04-10,-14.28969861,-170.67747931,18,RAMP_BASIC,Faga'alu,2.6271186440678
TUT-00731,2012,SAMOA,Tutuila,Forereef,Deep,4632,nSPC,American Samoa,VATIA_FAGAALU,2012,ForereefDeep,2012-04-10,-14.28918496,-170.67678898,19.45,RAMP_BASIC,Faga'alu,2.64285714285714
TUT-00707,2012,SAMOA,Tutuila,Forereef,Deep,4597,nSPC,American Samoa,VATIA_FAGAALU,2012,ForereefDeep,2012-04-08,-14.29205685,-170.67596261,21.2,RAMP_BASIC,Faga'alu,2.67543859649123
TUT-00777,2012,SAMOA,Tutuila,Forereef,Deep,4593,nSPC,American Samoa,VATIA_FAGAALU,2012,ForereefDeep,2012-04-08,-14.28702511,-170.67426092,23.05,RAMP_BASIC,Faga'alu,2.38333333333333
TUT-00739,2012,SAMOA,Tutuila,Forereef,Deep,4615,nSPC,American Samoa,VATIA_FAGAALU,2012,ForereefDeep,2012-04-09,-14.2877328,-170.67591215,23.9,RAMP_BASIC,Faga'alu,3.05392156862745
TUT-00720,2012,SAMOA,Tutuila,Forereef,Deep,4637,nSPC,American Samoa,VATIA_FAGAALU,2012,ForereefDeep,2012-04-10,-14.28999113,-170.67581442,27.85,RAMP_BASIC,Faga'alu,2.38028169014085
TUT-00637,2012,SAMOA,Tutuila,Forereef,Shallow,4635,nSPC,American Samoa,TUT_SE,2012,ForereefShallow,2012-04-10,-14.29038668,-170.67546162,3.3,TUT10_12,Faga'alu,2.64772727272727
TUT-00551,2012,SAMOA,Tutuila,Forereef,Shallow,4399,nSPC,American Samoa,TUT_SE,2012,ForereefShallow,2012-03-25,-14.29116804,-170.67448287,3.45,TUT10_12,Faga'alu,3.11
TUT-00624,2012,SAMOA,Tutuila,Forereef,Deep,4610,nSPC,American Samoa,TUT_SE,2012,ForereefDeep,2012-04-09,-14.29230571,-170.67551518,26.35,TUT10_12,Faga'alu,3.16042780748663
TUT-01212,2015,SAMOA,Tutuila,Forereef,Shallow,8173,nSPC,American Samoa,TUT_SE,2015,ForereefShallow,2015-03-02,-14.27405924,-170.61471471,3.9,AS_SANCTUARY,Fagaitua,3.26875
TUT-01269,2015,SAMOA,Tutuila,Forereef,Shallow,8178,nSPC,American Samoa,TUT_SE,2015,ForereefShallow,2015-03-02,-14.27805807,-170.60753804,4.7,AS_SANCTUARY,Fagaitua,2.9622641509434
TUT-01005,2015,SAMOA,Tutuila,Forereef,Shallow,8147,nSPC,American Samoa,TUT_SE,2015,ForereefShallow,2015-02-28,-14.2833194,-170.60648066,5.65,AS_SANCTUARY,Fagaitua,2.3185595567867
TUT-01227,2015,SAMOA,Tutuila,Forereef,Shallow,8148,nSPC,American Samoa,TUT_SE,2015,ForereefShallow,2015-02-28,-14.27269617,-170.61280724,6.2,AS_SANCTUARY,Fagaitua,2.97635933806147
TUT-01337,2015,SAMOA,Tutuila,Forereef,Mid,8146,nSPC,American Samoa,TUT_SE,2015,ForereefMid,2015-02-28,-14.27946037,-170.60871452,12.5,AS_SANCTUARY,Fagaitua,2.71477663230241
TUT-01211,2015,SAMOA,Tutuila,Forereef,Deep,8172,nSPC,American Samoa,TUT_SE,2015,ForereefDeep,2015-03-02,-14.28010259,-170.62116123,24.35,AS_SANCTUARY,Fagaitua,2.26168224299065
TUT-00002,2008,SAMOA,Tutuila,Forereef,Mid,1282,nSPC,American Samoa,Tutuila,2008,ForereefMid,2008-02-23,-14.27779,-170.60717,13,RAMP_BASIC,Fagaitua,2.17584097859327
TUT-00221,2010,SAMOA,Tutuila,Forereef,Shallow,2201,nSPC,American Samoa,TUT_SE,2010,ForereefShallow,2010-02-21,-14.27416,-170.60561,1.5,TUT10_12,Fagaitua,2.37386363636364
TUT-00586,2012,SAMOA,Tutuila,Forereef,Shallow,4451,nSPC,American Samoa,TUT_SE,2012,ForereefShallow,2012-04-01,-14.27412688,-170.6202262,2.3,TUT10_12,Fagaitua,2.66847826086956
TUT-00283,2010,SAMOA,Tutuila,Forereef,Shallow,2172,nSPC,American Samoa,TUT_SE,2010,ForereefShallow,2010-02-19,-14.27122,-170.60867,4,TUT10_12,Fagaitua,2.37015503875969
TUT-00350,2010,SAMOA,Tutuila,Forereef,Mid,2168,nSPC,American Samoa,TUT_SE,2010,ForereefMid,2010-02-19,-14.27232,-170.61124,9.5,TUT10_12,Fagaitua,3.26283048211509
TUT-00201,2010,SAMOA,Tutuila,Forereef,Mid,2251,nSPC,American Samoa,TUT_SE,2010,ForereefMid,2010-02-26,-14.27771,-170.62154,11,TUT10_12,Fagaitua,2.12713936430318
TUT-00349,2010,SAMOA,Tutuila,Forereef,Mid,2171,nSPC,American Samoa,TUT_SE,2010,ForereefMid,2010-02-19,-14.2736,-170.61609,13,TUT10_12,Fagaitua,2.6441351888668
TUT-00507,2012,SAMOA,Tutuila,Forereef,Mid,4640,nSPC,American Samoa,TUT_SE,2012,ForereefMid,2012-04-12,-14.27400617,-170.6154912,14.4,TUT10_12,Fagaitua,2.75454545454545
TUT-00578,2012,SAMOA,Tutuila,Forereef,Mid,4592,nSPC,American Samoa,TUT_SE,2012,ForereefMid,2012-04-08,-14.28140463,-170.608209,22,TUT10_12,Fagaitua,2.5067264573991
TUT-00566,2012,SAMOA,Tutuila,Forereef,Deep,4642,nSPC,American Samoa,TUT_SE,2012,ForereefDeep,2012-04-12,-14.27616795,-170.61189176,22.1,TUT10_12,Fagaitua,2.45344129554656
TUT-00310,2010,SAMOA,Tutuila,Forereef,Deep,2169,nSPC,American Samoa,TUT_SE,2010,ForereefDeep,2010-02-19,-14.27276,-170.61172,22.5,TUT10_12,Fagaitua,2.45390070921986
TUT-00529,2012,SAMOA,Tutuila,Forereef,Deep,4641,nSPC,American Samoa,TUT_SE,2012,ForereefDeep,2012-04-12,-14.27533135,-170.61560947,24.5,TUT10_12,Fagaitua,2.63768115942029
TUT-02300,2016,SAMOA,Tutuila,Forereef,Shallow,9294,nSPC,American Samoa,TUT_NW,2016,ForereefShallow,2016-04-15,-14.306917,-170.827999,3.25,AS_SANCTUARY,Fagalii,2.41118421052632
TUT-02303,2016,SAMOA,Tutuila,Forereef,Shallow,9298,nSPC,American Samoa,TUT_NW,2016,ForereefShallow,2016-04-15,-14.309449,-170.832031,4.55,AS_SANCTUARY,Fagalii,2.38671875
TUT-02287,2016,SAMOA,Tutuila,Forereef,Mid,9293,nSPC,American Samoa,TUT_NW,2016,ForereefMid,2016-04-15,-14.301102,-170.823693,9.7,AS_SANCTUARY,Fagalii,2.41943734015345
TUT-01025,2015,SAMOA,Tutuila,Forereef,Mid,8160,nSPC,American Samoa,TUT_NW,2015,ForereefMid,2015-03-01,-14.30076188,-170.82331312,10.7,AS_SANCTUARY,Fagalii,2.93891797556719
TUT-02286,2016,SAMOA,Tutuila,Forereef,Mid,9302,nSPC,American Samoa,TUT_NW,2016,ForereefMid,2016-04-15,-14.309098,-170.834064,13.35,AS_SANCTUARY,Fagalii,2.60606060606061
TUT-01149,2015,SAMOA,Tutuila,Forereef,Deep,8165,nSPC,American Samoa,TUT_NW,2015,ForereefDeep,2015-03-01,-14.30564518,-170.82850344,23.1,AS_SANCTUARY,Fagalii,3
TUT-00058,2008,SAMOA,Tutuila,Forereef,Deep,1272,nSPC,American Samoa,Tutuila,2008,ForereefDeep,2008-02-21,-14.306417,-170.8299,21,RAMP_BASIC,Fagalii,2.8804780876494
TUT-00320,2010,SAMOA,Tutuila,Forereef,Shallow,2260,nSPC,American Samoa,TUT_NW,2010,ForereefShallow,2010-02-27,-14.30159,-170.82288,5.5,TUT10_12,Fagalii,2.25454545454545
TUT-00245,2010,SAMOA,Tutuila,Forereef,Mid,2259,nSPC,American Samoa,TUT_NW,2010,ForereefMid,2010-02-27,-14.30689,-170.83037,10,TUT10_12,Fagalii,2.75155279503106
TUT-01098,2015,SAMOA,Tutuila,Forereef,Shallow,8167,nSPC,American Samoa,TUT_NW,2015,ForereefShallow,2015-03-01,-14.29242902,-170.80238862,4.65,AS_SANCTUARY,Fagamalo,2.05524861878453
TUT-02288,2016,SAMOA,Tutuila,Forereef,Mid,9435,nSPC,American Samoa,TUT_NW,2016,ForereefMid,2016-04-27,-14.291881,-170.802787,6.65,AS_SANCTUARY,Fagamalo,2.93414634146341
TUT-02295,2016,SAMOA,Tutuila,Forereef,Mid,9296,nSPC,American Samoa,TUT_NW,2016,ForereefMid,2016-04-15,-14.295683,-170.811918,10.9,AS_SANCTUARY,Fagamalo,2.73725490196078
TUT-02266,2016,SAMOA,Tutuila,Forereef,Deep,9300,nSPC,American Samoa,TUT_NW,2016,ForereefDeep,2016-04-15,-14.299021,-170.814758,21.3,AS_SANCTUARY,Fagamalo,2.84012539184953
TUT-02259,2016,SAMOA,Tutuila,Forereef,Deep,9297,nSPC,American Samoa,TUT_NW,2016,ForereefDeep,2016-04-15,-14.297871,-170.81331,21.8,AS_SANCTUARY,Fagamalo,2.896875
TUT-02271,2016,SAMOA,Tutuila,Forereef,Deep,9421,nSPC,American Samoa,TUT_NW,2016,ForereefDeep,2016-04-27,-14.282585,-170.813051,23,AS_SANCTUARY,Fagamalo,3.202416918429
TUT-02270,2016,SAMOA,Tutuila,Forereef,Deep,9426,nSPC,American Samoa,TUT_NW,2016,ForereefDeep,2016-04-27,-14.280658,-170.81089,23.5,AS_SANCTUARY,Fagamalo,2.56892778993435
TUT-02258,2016,SAMOA,Tutuila,Forereef,Deep,9432,nSPC,American Samoa,TUT_NW,2016,ForereefDeep,2016-04-27,-14.278898,-170.808908,24.25,AS_SANCTUARY,Fagamalo,2.50058343057176
TUT-01198,2015,SAMOA,Tutuila,Forereef,Deep,8159,nSPC,American Samoa,TUT_NW,2015,ForereefDeep,2015-03-01,-14.28139633,-170.80951131,25,AS_SANCTUARY,Fagamalo,2.06854838709677
TUT-00539,2012,SAMOA,Tutuila,Forereef,Shallow,4471,nSPC,American Samoa,TUT_NW,2012,ForereefShallow,2012-04-02,-14.29694217,-170.8109654,4.45,TUT10_12,Fagamalo,2.84756097560976
TUT-00259,2010,SAMOA,Tutuila,Forereef,Shallow,2211,nSPC,American Samoa,TUT_NW,2010,ForereefShallow,2010-02-22,-14.29427,-170.80899,5,TUT10_12,Fagamalo,2.1873840445269
TUT-00526,2012,SAMOA,Tutuila,Forereef,Mid,4464,nSPC,American Samoa,TUT_NW,2012,ForereefMid,2012-04-02,-14.29077677,-170.80027227,8.7,TUT10_12,Fagamalo,2.15032679738562
TUT-00209,2010,SAMOA,Tutuila,Forereef,Mid,2210,nSPC,American Samoa,TUT_NW,2010,ForereefMid,2010-02-22,-14.29101,-170.80157,10.5,TUT10_12,Fagamalo,3.42645778938207
TUT-00520,2012,SAMOA,Tutuila,Forereef,Deep,4470,nSPC,American Samoa,TUT_NW,2012,ForereefDeep,2012-04-02,-14.27826888,-170.8091933,23.3,TUT10_12,Fagamalo,2.61823361823362
TUT-00355,2010,SAMOA,Tutuila,Forereef,Deep,2214,nSPC,American Samoa,TUT_NW,2010,ForereefDeep,2010-02-22,-14.28012,-170.81322,24,TUT10_12,Fagamalo,3.08788598574822
TUT-00229,2010,SAMOA,Tutuila,Forereef,Deep,2208,nSPC,American Samoa,TUT_NW,2010,ForereefDeep,2010-02-22,-14.28391,-170.81412,26,TUT10_12,Fagamalo,3.17477477477477
TUT-00304,2010,SAMOA,Tutuila,Forereef,Deep,2227,nSPC,American Samoa,TUT_NW,2010,ForereefDeep,2010-02-22,-14.27839,-170.80986,28,TUT10_12,Fagamalo,2.4618320610687
TUT-02262,2016,SAMOA,Tutuila,Forereef,Deep,9483,nSPC,American Samoa,TUT_NW,2016,ForereefDeep,2016-04-30,-14.28075,-170.724366,22.35,AS_SANCTUARY,Fagasa,2.6875
TUT-02265,2016,SAMOA,Tutuila,Forereef,Deep,9475,nSPC,American Samoa,TUT_NW,2016,ForereefDeep,2016-04-30,-14.281974,-170.729305,24.45,AS_SANCTUARY,Fagasa,2.57638888888889
TUT-00019,2008,SAMOA,Tutuila,Forereef,Mid,1265,nSPC,American Samoa,Tutuila,2008,ForereefMid,2008-02-20,-14.28323,-170.72801,15,RAMP_BASIC,Fagasa,2.39009287925697
TUT-00556,2012,SAMOA,Tutuila,Forereef,Mid,4461,nSPC,American Samoa,TUT_NW,2012,ForereefMid,2012-04-02,-14.27760512,-170.72395228,13.2,TUT10_12,Fagasa,2.87845303867403
TUT-00264,2010,SAMOA,Tutuila,Forereef,Deep,2223,nSPC,American Samoa,TUT_NW,2010,ForereefDeep,2010-02-23,-14.27843,-170.72424,26,TUT10_12,Fagasa,2.84210526315789
TUT-01261,2015,SAMOA,Tutuila,Forereef,Shallow,8081,nSPC,American Samoa,FAGATELE_SANCTUARY,2015,ForereefShallow,2015-02-17,-14.36471061,-170.76083475,2.6,AS_SANCTUARY,Fagatele - Larsen,1.65254237288136
TUT-01189,2015,SAMOA,Tutuila,Forereef,Shallow,8072,nSPC,American Samoa,FAGATELE_SANCTUARY,2015,ForereefShallow,2015-02-17,-14.36227474,-170.76419128,3.45,AS_SANCTUARY,Fagatele - Larsen,1.33628318584071
TUT-01050,2015,SAMOA,Tutuila,Forereef,Shallow,8239,nSPC,American Samoa,FAGATELE_SANCTUARY,2015,ForereefShallow,2015-03-05,-14.36267448,-170.76329048,3.8,AS_SANCTUARY,Fagatele - Larsen,3.4089552238806
TUT-02415,2016,SAMOA,Tutuila,Forereef,Shallow,9388,nSPC,American Samoa,FAGATELE_SANCTUARY,2016,ForereefShallow,2016-04-20,-14.366522,-170.76237,4,AS_SANCTUARY,Fagatele - Larsen,1.75
TUT-01032,2015,SAMOA,Tutuila,Forereef,Shallow,8074,nSPC,American Samoa,FAGATELE_SANCTUARY,2015,ForereefShallow,2015-02-17,-14.36688571,-170.7626392,4.2,AS_SANCTUARY,Fagatele - Larsen,1.82781456953642
TUT-01157,2015,SAMOA,Tutuila,Forereef,Shallow,8069,nSPC,American Samoa,FAGATELE_SANCTUARY,2015,ForereefShallow,2015-02-17,-14.36478244,-170.7616231,4.5,AS_SANCTUARY,Fagatele - Larsen,1.98924731182796
TUT-01205,2015,SAMOA,Tutuila,Forereef,Shallow,8282,nSPC,American Samoa,FAGATELE_SANCTUARY,2015,ForereefShallow,2015-03-06,-14.37203245,-170.76109082,4.9,AS_SANCTUARY,Fagatele - Larsen,2.83495145631068
TUT-02386,2016,SAMOA,Tutuila,Forereef,Mid,9391,nSPC,American Samoa,FAGATELE_SANCTUARY,2016,ForereefMid,2016-04-20,-14.36443,-170.768524,6.7,AS_SANCTUARY,Fagatele - Larsen,2.23684210526316
TUT-01300,2015,SAMOA,Tutuila,Forereef,Mid,8076,nSPC,American Samoa,FAGATELE_SANCTUARY,2015,ForereefMid,2015-02-17,-14.37214326,-170.761569,7.45,AS_SANCTUARY,Fagatele - Larsen,2.14432989690722
TUT-02384,2016,SAMOA,Tutuila,Forereef,Mid,9394,nSPC,American Samoa,FAGATELE_SANCTUARY,2016,ForereefMid,2016-04-20,-14.365433,-170.762445,8.35,AS_SANCTUARY,Fagatele - Larsen,2.95377128953771
TUT-01265,2015,SAMOA,Tutuila,Forereef,Mid,8594,nSPC,American Samoa,TUT_SW,2015,ForereefMid,2015-03-27,-14.3604946,-170.74834538,8.95,AS_SANCTUARY,Fagatele - Larsen,3.26992753623188
TUT-01355,2015,SAMOA,Tutuila,Forereef,Mid,8238,nSPC,American Samoa,FAGATELE_SANCTUARY,2015,ForereefMid,2015-03-05,-14.36567302,-170.76849287,9.4,AS_SANCTUARY,Fagatele - Larsen,2.86337209302326
TUT-01418,2015,SAMOA,Tutuila,Forereef,Mid,8291,nSPC,American Samoa,FAGATELE_SANCTUARY,2015,ForereefMid,2015-03-07,-14.36330547,-170.76336072,9.4,AS_SANCTUARY,Fagatele - Larsen,3.1036036036036
TUT-02378,2016,SAMOA,Tutuila,Forereef,Mid,9395,nSPC,American Samoa,TUT_SW,2016,ForereefMid,2016-04-20,-14.361185,-170.751231,9.9,AS_SANCTUARY,Fagatele - Larsen,2.39253996447602
TUT-01172,2015,SAMOA,Tutuila,Forereef,Mid,8067,nSPC,American Samoa,FAGATELE_SANCTUARY,2015,ForereefMid,2015-02-17,-14.36282594,-170.76435079,10.3,AS_SANCTUARY,Fagatele - Larsen,2.78737541528239
TUT-02404,2016,SAMOA,Tutuila,Forereef,Mid,9393,nSPC,American Samoa,TUT_SW,2016,ForereefMid,2016-04-20,-14.360851,-170.748286,10.65,AS_SANCTUARY,Fagatele - Larsen,3.16326530612245
TUT-01204,2015,SAMOA,Tutuila,Forereef,Mid,8298,nSPC,American Samoa,FAGATELE_SANCTUARY,2015,ForereefMid,2015-03-07,-14.36893685,-170.76217418,11.1,AS_SANCTUARY,Fagatele - Larsen,2.70896785109983
TUT-01188,2015,SAMOA,Tutuila,Forereef,Mid,8279,nSPC,American Samoa,FAGATELE_SANCTUARY,2015,ForereefMid,2015-03-06,-14.36477976,-170.76250317,11.15,AS_SANCTUARY,Fagatele - Larsen,2.51156069364162
TUT-01246,2015,SAMOA,Tutuila,Forereef,Mid,8292,nSPC,American Samoa,FAGATELE_SANCTUARY,2015,ForereefMid,2015-03-07,-14.36241698,-170.76575023,11.35,AS_SANCTUARY,Fagatele - Larsen,3.21428571428571
TUT-01139,2015,SAMOA,Tutuila,Forereef,Mid,8277,nSPC,American Samoa,FAGATELE_SANCTUARY,2015,ForereefMid,2015-03-06,-14.36448639,-170.76243393,11.4,AS_SANCTUARY,Fagatele - Larsen,2.95482546201232
TUT-01103,2015,SAMOA,Tutuila,Forereef,Mid,8280,nSPC,American Samoa,FAGATELE_SANCTUARY,2015,ForereefMid,2015-03-06,-14.36657223,-170.76303617,11.85,AS_SANCTUARY,Fagatele - Larsen,2.8944099378882
TUT-01412,2015,SAMOA,Tutuila,Forereef,Mid,8638,nSPC,American Samoa,FAGATELE_SANCTUARY,2015,ForereefMid,2015-03-30,-14.36352801,-170.76284012,12,AS_SANCTUARY,Fagatele - Larsen,2.51608751608752
TUT-02371,2016,SAMOA,Tutuila,Forereef,Mid,9396,nSPC,American Samoa,TUT_SW,2016,ForereefMid,2016-04-20,-14.364514,-170.752363,12.25,AS_SANCTUARY,Fagatele - Larsen,2.47537473233405
TUT-01435,2015,SAMOA,Tutuila,Forereef,Mid,8299,nSPC,American Samoa,FAGATELE_SANCTUARY,2015,ForereefMid,2015-03-07,-14.36509525,-170.76338829,12.95,AS_SANCTUARY,Fagatele - Larsen,2.51373626373626
TUT-01067,2015,SAMOA,Tutuila,Forereef,Mid,8283,nSPC,American Samoa,FAGATELE_SANCTUARY,2015,ForereefMid,2015-03-06,-14.36863393,-170.76278019,13.15,AS_SANCTUARY,Fagatele - Larsen,2.66978193146417
TUT-01031,2015,SAMOA,Tutuila,Forereef,Mid,8071,nSPC,American Samoa,FAGATELE_SANCTUARY,2015,ForereefMid,2015-02-17,-14.36394006,-170.76813178,13.8,AS_SANCTUARY,Fagatele - Larsen,2.40051020408163
TUT-01324,2015,SAMOA,Tutuila,Forereef,Mid,8068,nSPC,American Samoa,FAGATELE_SANCTUARY,2015,ForereefMid,2015-02-17,-14.3705683,-170.76258145,14.5,AS_SANCTUARY,Fagatele - Larsen,2.91843971631206
TUT-01392,2015,SAMOA,Tutuila,Forereef,Mid,8595,nSPC,American Samoa,TUT_SW,2015,ForereefMid,2015-03-27,-14.36795876,-170.7535383,15,AS_SANCTUARY,Fagatele - Larsen,3.11898734177215
TUT-01382,2015,SAMOA,Tutuila,Forereef,Mid,8276,nSPC,American Samoa,FAGATELE_SANCTUARY,2015,ForereefMid,2015-03-06,-14.36319566,-170.76775024,15.2,AS_SANCTUARY,Fagatele - Larsen,2.62043795620438
TUT-01138,2015,SAMOA,Tutuila,Forereef,Deep,8066,nSPC,American Samoa,FAGATELE_SANCTUARY,2015,ForereefDeep,2015-02-17,-14.36384602,-170.76288764,20,AS_SANCTUARY,Fagatele - Larsen,2.6042216358839
TUT-02352,2016,SAMOA,Tutuila,Forereef,Deep,9401,nSPC,American Samoa,TUT_SW,2016,ForereefDeep,2016-04-20,-14.362565,-170.746359,20,AS_SANCTUARY,Fagatele - Larsen,2.82075471698113
TUT-02347,2016,SAMOA,Tutuila,Forereef,Mid,9397,nSPC,American Samoa,FAGATELE_SANCTUARY,2016,ForereefMid,2016-04-20,-14.363186,-170.763849,20.7,AS_SANCTUARY,Fagatele - Larsen,2.12449799196787
TUT-01171,2015,SAMOA,Tutuila,Forereef,Deep,8070,nSPC,American Samoa,FAGATELE_SANCTUARY,2015,ForereefDeep,2015-02-17,-14.36350428,-170.76743349,21.35,AS_SANCTUARY,Fagatele - Larsen,1.24455611390285
TUT-01187,2015,SAMOA,Tutuila,Forereef,Deep,8237,nSPC,American Samoa,FAGATELE_SANCTUARY,2015,ForereefDeep,2015-03-05,-14.36323321,-170.7669667,21.75,AS_SANCTUARY,Fagatele - Larsen,2.48096885813149
TUT-01273,2015,SAMOA,Tutuila,Forereef,Deep,8281,nSPC,American Samoa,FAGATELE_SANCTUARY,2015,ForereefDeep,2015-03-06,-14.37168578,-170.76203831,21.75,AS_SANCTUARY,Fagatele - Larsen,2.58204334365325
TUT-01287,2015,SAMOA,Tutuila,Forereef,Deep,8275,nSPC,American Samoa,FAGATELE_SANCTUARY,2015,ForereefDeep,2015-03-06,-14.36462796,-170.76817637,23.35,AS_SANCTUARY,Fagatele - Larsen,2.3598820058997
TUT-02361,2016,SAMOA,Tutuila,Forereef,Deep,9392,nSPC,American Samoa,TUT_SW,2016,ForereefDeep,2016-04-20,-14.363802,-170.752057,24.3,AS_SANCTUARY,Fagatele - Larsen,1.64516129032258
TUT-01102,2015,SAMOA,Tutuila,Forereef,Deep,8240,nSPC,American Samoa,FAGATELE_SANCTUARY,2015,ForereefDeep,2015-03-05,-14.36607175,-170.76388878,24.55,AS_SANCTUARY,Fagatele - Larsen,2.82445141065831
TUT-00068,2008,SAMOA,Tutuila,Forereef,Shallow,1291,nSPC,American Samoa,Tutuila,2008,ForereefShallow,2008-02-24,-14.364283,-170.752733,5.75,RAMP_BASIC,Fagatele - Larsen,1.93553008595989
TUT-00011,2008,SAMOA,Tutuila,Forereef,Mid,1287,nSPC,American Samoa,Tutuila,2008,ForereefMid,2008-02-24,-14.36024,-170.75025,10.75,RAMP_BASIC,Fagatele - Larsen,1.49190938511327
TUT-00022,2008,SAMOA,Tutuila,Forereef,Mid,1288,nSPC,American Samoa,Tutuila,2008,ForereefMid,2008-02-24,-14.36594,-170.76336,12.25,RAMP_BASIC,Fagatele - Larsen,2.1622641509434
TUT-00067,2008,SAMOA,Tutuila,Forereef,Deep,1290,nSPC,American Samoa,Tutuila,2008,ForereefDeep,2008-02-24,-14.36275,-170.765433,21.75,RAMP_BASIC,Fagatele - Larsen,1.80222841225627
TUT-00223,2010,SAMOA,Tutuila,Forereef,Shallow,2157,nSPC,American Samoa,TUT_SW,2010,ForereefShallow,2010-02-18,-14.3596,-170.7506,3.5,TUT10_12,Fagatele - Larsen,1.83606557377049
TUT-00549,2012,SAMOA,Tutuila,Forereef,Shallow,4486,nSPC,American Samoa,TUT_SW,2012,ForereefShallow,2012-04-03,-14.3598372,-170.75013969,5.65,TUT10_12,Fagatele - Larsen,2.49840255591054
TUT-00340,2010,SAMOA,Tutuila,Forereef,Mid,2154,nSPC,American Samoa,TUT_SW,2010,ForereefMid,2010-02-18,-14.36436,-170.76218,9,TUT10_12,Fagatele - Larsen,1.64018691588785
TUT-00235,2010,SAMOA,Tutuila,Forereef,Mid,2158,nSPC,American Samoa,TUT_SW,2010,ForereefMid,2010-02-18,-14.36006,-170.74939,11.5,TUT10_12,Fagatele - Larsen,2.52664576802508
TUT-00216,2010,SAMOA,Tutuila,Forereef,Deep,2159,nSPC,American Samoa,TUT_SW,2010,ForereefDeep,2010-02-18,-14.36471,-170.76341,22,TUT10_12,Fagatele - Larsen,2.65806451612903
TUT-01133,2015,SAMOA,Tutuila,Forereef,Mid,8215,nSPC,American Samoa,TUT_NE,2015,ForereefMid,2015-03-04,-14.241373,-170.67885035,9.6,AS_SANCTUARY,Fagatuitui - Vaaogeoge,3.0159151193634
TUT-02280,2016,SAMOA,Tutuila,Forereef,Mid,9473,nSPC,American Samoa,TUT_NW,2016,ForereefMid,2016-04-15,-14.23746,-170.673255,12.15,AS_SANCTUARY,Fagatuitui - Vaaogeoge,2.99908842297174
TUT-01115,2015,SAMOA,Tutuila,Forereef,Mid,8223,nSPC,American Samoa,TUT_NE,2015,ForereefMid,2015-03-04,-14.25808802,-170.70373647,13.75,AS_SANCTUARY,Fagatuitui - Vaaogeoge,3.37300177619893
TUT-02297,2016,SAMOA,Tutuila,Forereef,Mid,9474,nSPC,American Samoa,TUT_NW,2016,ForereefMid,2016-04-26,-14.260534,-170.70957,14.5,AS_SANCTUARY,Fagatuitui - Vaaogeoge,2.62857142857143
TUT-02291,2016,SAMOA,Tutuila,Forereef,Mid,9478,nSPC,American Samoa,TUT_NW,2016,ForereefMid,2016-04-30,-14.272234,-170.723138,14.6,AS_SANCTUARY,Fagatuitui - Vaaogeoge,2.87453874538745
TUT-02256,2016,SAMOA,Tutuila,Forereef,Deep,9482,nSPC,American Samoa,TUT_NW,2016,ForereefDeep,2016-04-30,-14.260585,-170.706494,23.15,AS_SANCTUARY,Fagatuitui - Vaaogeoge,2.68732394366197
TUT-02260,2016,SAMOA,Tutuila,Forereef,Deep,9477,nSPC,American Samoa,TUT_NW,2016,ForereefDeep,2016-04-30,-14.246131,-170.687201,23.15,AS_SANCTUARY,Fagatuitui - Vaaogeoge,2.93823529411765
TUT-00054,2008,SAMOA,Tutuila,Forereef,Shallow,1262,nSPC,American Samoa,Tutuila,2008,ForereefShallow,2008-02-19,-14.253067,-170.69815,5,RAMP_BASIC,Fagatuitui - Vaaogeoge,2.7565543071161
TUT-00013,2008,SAMOA,Tutuila,Forereef,Mid,1264,nSPC,American Samoa,Tutuila,2008,ForereefMid,2008-02-20,-14.26046,-170.71187,12,RAMP_BASIC,Fagatuitui - Vaaogeoge,3.26358695652174
TUT-00018,2008,SAMOA,Tutuila,Forereef,Mid,1259,nSPC,American Samoa,Tutuila,2008,ForereefMid,2008-02-19,-14.2519,-170.68915,12,RAMP_BASIC,Fagatuitui - Vaaogeoge,2.90352020860495
TUT-00055,2008,SAMOA,Tutuila,Forereef,Deep,1266,nSPC,American Samoa,Tutuila,2008,ForereefDeep,2008-02-20,-14.2689,-170.718983,21,RAMP_BASIC,Fagatuitui - Vaaogeoge,3.03676470588235
TUT-00517,2012,SAMOA,Tutuila,Forereef,Shallow,4466,nSPC,American Samoa,TUT_NE,2012,ForereefShallow,2012-04-02,-14.25374134,-170.70041933,4.5,TUT10_12,Fagatuitui - Vaaogeoge,2.74688796680498
TUT-00506,2012,SAMOA,Tutuila,Forereef,Shallow,4460,nSPC,American Samoa,TUT_NW,2012,ForereefShallow,2012-04-02,-14.27049886,-170.71939722,5.7,TUT10_12,Fagatuitui - Vaaogeoge,2.93243243243243
TUT-00536,2012,SAMOA,Tutuila,Forereef,Mid,4465,nSPC,American Samoa,TUT_NE,2012,ForereefMid,2012-04-02,-14.2526112,-170.69824548,7.15,TUT10_12,Fagatuitui - Vaaogeoge,3.26817042606516
TUT-00357,2010,SAMOA,Tutuila,Forereef,Mid,2224,nSPC,American Samoa,TUT_NE,2010,ForereefMid,2010-02-23,-14.23976,-170.67563,9,TUT10_12,Fagatuitui - Vaaogeoge,3.12956810631229
TUT-00542,2012,SAMOA,Tutuila,Forereef,Mid,4459,nSPC,American Samoa,TUT_NW,2012,ForereefMid,2012-04-02,-14.26790281,-170.71757206,10.2,TUT10_12,Fagatuitui - Vaaogeoge,3.19012797074954
TUT-00376,2010,SAMOA,Tutuila,Forereef,Mid,2221,nSPC,American Samoa,TUT_NE,2010,ForereefMid,2010-02-23,-14.23341,-170.67128,14.5,TUT10_12,Fagatuitui - Vaaogeoge,3.14133738601824
TUT-00368,2010,SAMOA,Tutuila,Forereef,Mid,2225,nSPC,American Samoa,TUT_NW,2010,ForereefMid,2010-02-23,-14.27179,-170.7234,15,TUT10_12,Fagatuitui - Vaaogeoge,3.45193798449612
TUT-00579,2012,SAMOA,Tutuila,Forereef,Mid,4529,nSPC,American Samoa,TUT_NE,2012,ForereefMid,2012-04-05,-14.2392626,-170.67577092,15.1,TUT10_12,Fagatuitui - Vaaogeoge,2.84444444444444
TUT-00541,2012,SAMOA,Tutuila,Forereef,Deep,4528,nSPC,American Samoa,TUT_NE,2012,ForereefDeep,2012-04-05,-14.24258502,-170.68012087,19.9,TUT10_12,Fagatuitui - Vaaogeoge,2.64449064449064
TUT-01296,2015,SAMOA,Tutuila,Forereef,Mid,8177,nSPC,American Samoa,TUT_SE,2015,ForereefMid,2015-03-02,-14.28812457,-170.64189998,10.5,AS_SANCTUARY,Laulii - Aumi,3.02320185614849
TUT-01420,2015,SAMOA,Tutuila,Forereef,Mid,8176,nSPC,American Samoa,TUT_SE,2015,ForereefMid,2015-03-02,-14.29338782,-170.65521279,12.25,AS_SANCTUARY,Laulii - Aumi,3.33333333333333
TUT-01195,2015,SAMOA,Tutuila,Forereef,Deep,8312,nSPC,American Samoa,TUT_SE,2015,ForereefDeep,2015-03-12,-14.29385159,-170.65733593,20.2,AS_SANCTUARY,Laulii - Aumi,3
TUT-00070,2008,SAMOA,Tutuila,Forereef,Shallow,1296,nSPC,American Samoa,Tutuila,2008,ForereefShallow,2008-02-25,-14.2903,-170.649,4,RAMP_BASIC,Laulii - Aumi,3.21804511278195
TUT-00306,2010,SAMOA,Tutuila,Forereef,Shallow,2137,nSPC,American Samoa,TUT_SE,2010,ForereefShallow,2010-02-17,-14.29249,-170.65948,3.5,TUT10_12,Laulii - Aumi,3.42857142857143
TUT-00305,2010,SAMOA,Tutuila,Forereef,Mid,2250,nSPC,American Samoa,TUT_SE,2010,ForereefMid,2010-02-26,-14.29358329,-170.65463,13.5,TUT10_12,Laulii - Aumi,2.76671214188267
TUT-00584,2012,SAMOA,Tutuila,Forereef,Deep,4394,nSPC,American Samoa,TUT_SE,2012,ForereefDeep,2012-03-25,-14.29318364,-170.65851258,23.2,TUT10_12,Laulii - Aumi,3.18897637795276
TUT-02402,2016,SAMOA,Tutuila,Forereef,Shallow,9306,nSPC,American Samoa,TUT_SW,2016,ForereefShallow,2016-04-16,-14.354401,-170.786383,3.55,AS_SANCTUARY,Leone,2.4
TUT-01280,2015,SAMOA,Tutuila,Forereef,Shallow,8596,nSPC,American Samoa,TUT_SW,2015,ForereefShallow,2015-03-27,-14.36132323,-170.777978,4,AS_SANCTUARY,Leone,2.89008042895442
TUT-01128,2015,SAMOA,Tutuila,Forereef,Shallow,8597,nSPC,American Samoa,TUT_SW,2015,ForereefShallow,2015-03-27,-14.35969672,-170.78174424,4.55,AS_SANCTUARY,Leone,2.22040816326531
TUT-01145,2015,SAMOA,Tutuila,Forereef,Shallow,8245,nSPC,American Samoa,TUT_SW,2015,ForereefShallow,2015-03-05,-14.35573485,-170.78653391,5.3,AS_SANCTUARY,Leone,2.01034482758621
TUT-02413,2016,SAMOA,Tutuila,Forereef,Shallow,9310,nSPC,American Samoa,TUT_SW,2016,ForereefShallow,2016-04-16,-14.345569,-170.788806,5.8,AS_SANCTUARY,Leone,1.81012658227848
TUT-02382,2016,SAMOA,Tutuila,Forereef,Mid,9307,nSPC,American Samoa,TUT_SW,2016,ForereefMid,2016-04-16,-14.341352,-170.789378,8.2,AS_SANCTUARY,Leone,2.75910364145658
TUT-02373,2016,SAMOA,Tutuila,Forereef,Mid,9314,nSPC,American Samoa,TUT_SW,2016,ForereefMid,2016-04-16,-14.360304,-170.782096,11,AS_SANCTUARY,Leone,1.6980056980057
TUT-01327,2015,SAMOA,Tutuila,Forereef,Mid,8244,nSPC,American Samoa,TUT_SW,2015,ForereefMid,2015-03-05,-14.34035305,-170.79091958,11.75,AS_SANCTUARY,Leone,2.97857142857143
TUT-02376,2016,SAMOA,Tutuila,Forereef,Mid,9315,nSPC,American Samoa,TUT_SW,2016,ForereefMid,2016-04-16,-14.349787,-170.788341,13,AS_SANCTUARY,Leone,2.42537313432836
TUT-01293,2015,SAMOA,Tutuila,Forereef,Mid,8247,nSPC,American Samoa,TUT_SW,2015,ForereefMid,2015-03-05,-14.36214541,-170.77954198,13.65,AS_SANCTUARY,Leone,2.7986798679868
TUT-01091,2015,SAMOA,Tutuila,Forereef,Mid,8246,nSPC,American Samoa,TUT_SW,2015,ForereefMid,2015-03-05,-14.35936564,-170.78374115,14.5,AS_SANCTUARY,Leone,2.86941580756014
TUT-02374,2016,SAMOA,Tutuila,Forereef,Mid,9390,nSPC,American Samoa,TUT_SW,2016,ForereefMid,2016-04-20,-14.36469,-170.772293,14.65,AS_SANCTUARY,Leone,2.54708520179372
TUT-02350,2016,SAMOA,Tutuila,Forereef,Deep,9389,nSPC,American Samoa,TUT_SW,2016,ForereefDeep,2016-04-20,-14.366278,-170.774958,20.75,AS_SANCTUARY,Leone,2.58878504672897
TUT-02357,2016,SAMOA,Tutuila,Forereef,Deep,9321,nSPC,American Samoa,TUT_SW,2016,ForereefDeep,2016-04-16,-14.360138,-170.785644,22.5,AS_SANCTUARY,Leone,2.99175824175824
TUT-02353,2016,SAMOA,Tutuila,Forereef,Deep,9404,nSPC,American Samoa,TUT_SW,2016,ForereefDeep,2016-04-20,-14.369833,-170.77241,24,AS_SANCTUARY,Leone,2.51626016260163
TUT-01208,2015,SAMOA,Tutuila,Forereef,Deep,8278,nSPC,American Samoa,TUT_SW,2015,ForereefDeep,2015-03-06,-14.37294926,-170.77432006,24.7,AS_SANCTUARY,Leone,2.74912891986063
TUT-02363,2016,SAMOA,Tutuila,Forereef,Deep,9309,nSPC,American Samoa,TUT_SW,2016,ForereefDeep,2016-04-16,-14.364391,-170.781651,25.4,AS_SANCTUARY,Leone,2.73262032085561
TUT-02348,2016,SAMOA,Tutuila,Forereef,Deep,9400,nSPC,American Samoa,TUT_SW,2016,ForereefDeep,2016-04-20,-14.36981,-170.776796,29.3,AS_SANCTUARY,Leone,2.72043010752688
TUT-00023,2008,SAMOA,Tutuila,Forereef,Mid,1289,nSPC,American Samoa,Tutuila,2008,ForereefMid,2008-02-24,-14.34288,-170.78882,10.75,RAMP_BASIC,Leone,2.51079136690647
TUT-00285,2010,SAMOA,Tutuila,Forereef,Shallow,2179,nSPC,American Samoa,TUT_SW,2010,ForereefShallow,2010-02-20,-14.34014,-170.79024,3,TUT10_12,Leone,2.70458135860979
TUT-00274,2010,SAMOA,Tutuila,Forereef,Shallow,2184,nSPC,American Samoa,TUT_SW,2010,ForereefShallow,2010-02-20,-14.35395,-170.78593,5.5,TUT10_12,Leone,2.52313624678663
TUT-00294,2010,SAMOA,Tutuila,Forereef,Shallow,2185,nSPC,American Samoa,TUT_SW,2010,ForereefShallow,2010-02-20,-14.35605,-170.78665,6.5,TUT10_12,Leone,1.87252747252747
TUT-00663,2012,SAMOA,Tutuila,Forereef,Shallow,4488,nSPC,American Samoa,TUT_SW,2012,ForereefShallow,2012-04-03,-14.360105,-170.78081033,7.15,TUT10_12,Leone,1.97674418604651
TUT-00261,2010,SAMOA,Tutuila,Forereef,Mid,2181,nSPC,American Samoa,TUT_SW,2010,ForereefMid,2010-02-20,-14.35688,-170.7874429,13,TUT10_12,Leone,3.03527607361963
TUT-00251,2010,SAMOA,Tutuila,Forereef,Mid,2186,nSPC,American Samoa,TUT_SW,2010,ForereefMid,2010-02-20,-14.36306,-170.77499,13.5,TUT10_12,Leone,2.56707317073171
TUT-00234,2010,SAMOA,Tutuila,Forereef,Mid,2178,nSPC,American Samoa,TUT_SW,2010,ForereefMid,2010-02-20,-14.35907,-170.78438,14,TUT10_12,Leone,2.45614035087719
TUT-00365,2010,SAMOA,Tutuila,Forereef,Mid,2183,nSPC,American Samoa,TUT_SW,2010,ForereefMid,2010-02-20,-14.36295,-170.77895,16,TUT10_12,Leone,2.49132947976879
TUT-00273,2010,SAMOA,Tutuila,Forereef,Deep,2264,nSPC,American Samoa,TUT_SW,2010,ForereefDeep,2010-02-28,-14.36404,-170.77991,20,TUT10_12,Leone,2.64285714285714
TUT-00505,2012,SAMOA,Tutuila,Forereef,Deep,4477,nSPC,American Samoa,TUT_SW,2012,ForereefDeep,2012-04-03,-14.35328037,-170.78838539,20.5,TUT10_12,Leone,3.07345575959933
TUT-00352,2010,SAMOA,Tutuila,Forereef,Deep,2270,nSPC,American Samoa,TUT_SW,2010,ForereefDeep,2010-02-28,-14.3374,-170.79521,21,TUT10_12,Leone,2.22222222222222
TUT-00277,2010,SAMOA,Tutuila,Forereef,Deep,2187,nSPC,American Samoa,TUT_SW,2010,ForereefDeep,2010-02-20,-14.36522,-170.77402,21,TUT10_12,Leone,3.01995012468828
TUT-00250,2010,SAMOA,Tutuila,Forereef,Deep,2192,nSPC,American Samoa,TUT_SW,2010,ForereefDeep,2010-02-20,-14.35976,-170.78717,21.5,TUT10_12,Leone,3.04648862512364
TUT-00335,2010,SAMOA,Tutuila,Forereef,Deep,2263,nSPC,American Samoa,TUT_SW,2010,ForereefDeep,2010-02-28,-14.36611,-170.77165,22,TUT10_12,Leone,3.5136186770428
TUT-00309,2010,SAMOA,Tutuila,Forereef,Deep,2151,nSPC,American Samoa,TUT_SW,2010,ForereefDeep,2010-02-18,-14.36741,-170.77136,22,TUT10_12,Leone,3.32768361581921
TUT-00298,2010,SAMOA,Tutuila,Forereef,Deep,2180,nSPC,American Samoa,TUT_SW,2010,ForereefDeep,2010-02-20,-14.36516,-170.77969,23.5,TUT10_12,Leone,2.80845070422535
TUT-00311,2010,SAMOA,Tutuila,Forereef,Deep,2153,nSPC,American Samoa,TUT_SW,2010,ForereefDeep,2010-02-18,-14.3731,-170.77518,26,TUT10_12,Leone,1.87671232876712
TUT-00695,2012,SAMOA,Tutuila,Forereef,Deep,4487,nSPC,American Samoa,TUT_SW,2012,ForereefDeep,2012-04-03,-14.36109231,-170.78734889,29,TUT10_12,Leone,2.80122950819672
TUT-00265,2010,SAMOA,Tutuila,Forereef,Deep,2177,nSPC,American Samoa,TUT_SW,2010,ForereefDeep,2010-02-20,-14.36475,-170.78351,29,TUT10_12,Leone,2.7037037037037
TUT-00593,2012,SAMOA,Tutuila,Forereef,Deep,4474,nSPC,American Samoa,TUT_SW,2012,ForereefDeep,2012-04-03,-14.3686905,-170.77892424,29.4,TUT10_12,Leone,2.35924369747899
TUT-02306,2016,SAMOA,Tutuila,Forereef,Shallow,9292,nSPC,American Samoa,TUT_NW,2016,ForereefShallow,2016-04-15,-14.300975,-170.816434,12,AS_SANCTUARY,Maloata,2.82233502538071
TUT-01060,2015,SAMOA,Tutuila,Forereef,Deep,8217,nSPC,American Samoa,TUT_NW,2015,ForereefDeep,2015-03-04,-14.29868678,-170.81644482,26.65,AS_SANCTUARY,Maloata,2.6
TUT-00059,2008,SAMOA,Tutuila,Forereef,Shallow,1273,nSPC,American Samoa,Tutuila,2008,ForereefShallow,2008-02-21,-14.300067,-170.819283,6,RAMP_BASIC,Maloata,3.14321608040201
TUT-00375,2010,SAMOA,Tutuila,Forereef,Mid,2254,nSPC,American Samoa,TUT_NW,2010,ForereefMid,2010-02-27,-14.29871,-170.81966,11.5,TUT10_12,Maloata,2.67460317460317
TUT-00413,2010,SAMOA,Tutuila,Forereef,Deep,2256,nSPC,American Samoa,TUT_NW,2010,ForereefDeep,2010-02-27,-14.29955,-170.81781,24,TUT10_12,Maloata,2.53741496598639
TUT-02327,2016,SAMOA,Tutuila,Forereef,Mid,9464,nSPC,American Samoa,TUT_NE,2016,ForereefMid,2016-04-29,-14.256363,-170.605778,10.85,AS_SANCTUARY,Masausi,2.11392405063291
TUT-01028,2015,SAMOA,Tutuila,Forereef,Mid,8137,nSPC,American Samoa,TUT_NE,2015,ForereefMid,2015-02-27,-14.2546475,-170.60774993,13.85,AS_SANCTUARY,Masausi,2.47457627118644
TUT-00053,2008,SAMOA,Tutuila,Forereef,Shallow,1261,nSPC,American Samoa,Tutuila,2008,ForereefShallow,2008-02-19,-14.2531,-170.611583,5.5,RAMP_BASIC,Masausi,2.19047619047619
TUT-00004,2008,SAMOA,Tutuila,Forereef,Mid,1253,nSPC,American Samoa,Tutuila,2008,ForereefMid,2008-02-18,-14.25629,-170.60611,10,RAMP_BASIC,Masausi,2.48427672955975
TUT-00653,2012,SAMOA,Tutuila,Forereef,Shallow,4531,nSPC,American Samoa,TUT_NE,2012,ForereefShallow,2012-04-05,-14.25491714,-170.60461761,4.55,TUT10_12,Masausi,2.864
TUT-00252,2010,SAMOA,Tutuila,Forereef,Shallow,2462,nSPC,American Samoa,TUT_NE,2010,ForereefShallow,2010-03-21,-14.25453,-170.61032,5.5,TUT10_12,Masausi,2.24749163879599
TUT-00471,2010,SAMOA,Tutuila,Forereef,Mid,2463,nSPC,American Samoa,TUT_NE,2010,ForereefMid,2010-03-21,-14.2525,-170.6107,10.5,TUT10_12,Masausi,2.32957746478873
TUT-00297,2010,SAMOA,Tutuila,Forereef,Mid,2235,nSPC,American Samoa,TUT_NE,2010,ForereefMid,2010-02-24,-14.25637,-170.60568,11.5,TUT10_12,Masausi,2.77322404371585
TUT-00287,2010,SAMOA,Tutuila,Forereef,Mid,2237,nSPC,American Samoa,TUT_NE,2010,ForereefMid,2010-02-24,-14.25376,-170.60896,14.5,TUT10_12,Masausi,2.78411910669975
TUT-01153,2015,SAMOA,Tutuila,Forereef,Mid,8131,nSPC,American Samoa,TUT_NE,2015,ForereefMid,2015-02-27,-14.24649401,-170.62210151,12.25,AS_SANCTUARY,Masefau,2.68918918918919
TUT-02317,2016,SAMOA,Tutuila,Forereef,Mid,9465,nSPC,American Samoa,TUT_NE,2016,ForereefMid,2016-04-29,-14.255901,-170.627979,12.3,AS_SANCTUARY,Masefau,1.7027027027027
TUT-02328,2016,SAMOA,Tutuila,Forereef,Mid,9467,nSPC,American Samoa,TUT_NE,2016,ForereefMid,2016-04-29,-14.250844,-170.61252,16.15,AS_SANCTUARY,Masefau,2.71314741035857
TUT-02316,2016,SAMOA,Tutuila,Forereef,Deep,9460,nSPC,American Samoa,TUT_NE,2016,ForereefDeep,2016-04-29,-14.255155,-170.622297,19.9,AS_SANCTUARY,Masefau,2.655
TUT-02315,2016,SAMOA,Tutuila,Forereef,Deep,9470,nSPC,American Samoa,TUT_NE,2016,ForereefDeep,2016-04-29,-14.247641,-170.624942,23.5,AS_SANCTUARY,Masefau,3.05726872246696
TUT-00005,2008,SAMOA,Tutuila,Forereef,Mid,1257,nSPC,American Samoa,Tutuila,2008,ForereefMid,2008-02-19,-14.25184,-170.62355,11.5,RAMP_BASIC,Masefau,2.14611872146119
TUT-00401,2010,SAMOA,Tutuila,Forereef,Shallow,2466,nSPC,American Samoa,TUT_NE,2010,ForereefShallow,2010-03-21,-14.25184,-170.62416,5,TUT10_12,Masefau,2.26637554585153
TUT-00327,2010,SAMOA,Tutuila,Forereef,Mid,2461,nSPC,American Samoa,TUT_NE,2010,ForereefMid,2010-03-21,-14.25416,-170.62738,9,TUT10_12,Masefau,1.69565217391304
TUT-00509,2012,SAMOA,Tutuila,Forereef,Mid,4538,nSPC,American Samoa,TUT_NE,2012,ForereefMid,2012-04-05,-14.24794977,-170.62507817,10.2,TUT10_12,Masefau,2.83565459610028
TUT-00519,2012,SAMOA,Tutuila,Forereef,Mid,4539,nSPC,American Samoa,TUT_NE,2012,ForereefMid,2012-04-05,-14.25543741,-170.62368577,11.25,TUT10_12,Masefau,2.40226628895184
TUT-01309,2015,SAMOA,Tutuila,Forereef,Shallow,8313,nSPC,American Samoa,TUT_SE,2015,ForereefShallow,2015-03-12,-14.29817397,-170.67453115,3.25,AS_SANCTUARY,Matuu - Faganeanea,2.9235807860262
TUT-01001,2015,SAMOA,Tutuila,Forereef,Mid,8314,nSPC,American Samoa,TUT_SE,2015,ForereefMid,2015-03-12,-14.30696022,-170.68767892,10.8,AS_SANCTUARY,Matuu - Faganeanea,2.76646706586826
TUT-01127,2015,SAMOA,Tutuila,Forereef,Mid,8119,nSPC,American Samoa,TUT_SE,2015,ForereefMid,2015-02-26,-14.30398255,-170.68623732,15.5,AS_SANCTUARY,Matuu - Faganeanea,2.63106796116505
TUT-01292,2015,SAMOA,Tutuila,Forereef,Deep,8586,nSPC,American Samoa,TUT_SE,2015,ForereefDeep,2015-03-27,-14.30187777,-170.6820773,22.75,AS_SANCTUARY,Matuu - Faganeanea,2.98070739549839
TUT-00749,2012,SAMOA,Tutuila,Forereef,Shallow,4608,nSPC,American Samoa,VATIA_FAGAALU,2012,ForereefShallow,2012-04-09,-14.29578144,-170.67486852,2.35,RAMP_BASIC,Matuu - Faganeanea,3.18782791185729
TUT-00700,2012,SAMOA,Tutuila,Forereef,Shallow,4596,nSPC,American Samoa,VATIA_FAGAALU,2012,ForereefShallow,2012-04-08,-14.29492958,-170.67503373,4.45,RAMP_BASIC,Matuu - Faganeanea,2.40147783251232
TUT-00064,2008,SAMOA,Tutuila,Forereef,Shallow,1281,nSPC,American Samoa,Tutuila,2008,ForereefShallow,2008-02-22,-14.308933,-170.693033,5.5,RAMP_BASIC,Matuu - Faganeanea,1.25607779578606
TUT-00010,2008,SAMOA,Tutuila,Forereef,Mid,1275,nSPC,American Samoa,Tutuila,2008,ForereefMid,2008-02-22,-14.31137,-170.69288,13.75,RAMP_BASIC,Matuu - Faganeanea,2.86604361370716
TUT-00747,2012,SAMOA,Tutuila,Forereef,Mid,4605,nSPC,American Samoa,VATIA_FAGAALU,2012,ForereefMid,2012-04-09,-14.2961831,-170.67444984,17.4,RAMP_BASIC,Matuu - Faganeanea,3.07667731629393
TUT-00754,2012,SAMOA,Tutuila,Forereef,Deep,4603,nSPC,American Samoa,VATIA_FAGAALU,2012,ForereefDeep,2012-04-09,-14.29472599,-170.67440819,20.7,RAMP_BASIC,Matuu - Faganeanea,3.39522998296422
TUT-00745,2012,SAMOA,Tutuila,Forereef,Deep,4604,nSPC,American Samoa,VATIA_FAGAALU,2012,ForereefDeep,2012-04-09,-14.29689128,-170.67433124,23,RAMP_BASIC,Matuu - Faganeanea,2.49606299212598
TUT-00325,2010,SAMOA,Tutuila,Forereef,Shallow,2150,nSPC,American Samoa,TUT_SE,2010,ForereefShallow,2010-02-18,-14.31091,-170.6931,2.5,TUT10_12,Matuu - Faganeanea,1.84242424242424
TUT-00220,2010,SAMOA,Tutuila,Forereef,Shallow,2143,nSPC,American Samoa,TUT_SE,2010,ForereefShallow,2010-02-17,-14.31296,-170.69319,4.5,TUT10_12,Matuu - Faganeanea,1.85150078988942
TUT-00557,2012,SAMOA,Tutuila,Forereef,Shallow,4397,nSPC,American Samoa,TUT_SE,2012,ForereefShallow,2012-03-25,-14.30064915,-170.67730648,5.4,TUT10_12,Matuu - Faganeanea,2.62025316455696
TUT-00312,2010,SAMOA,Tutuila,Forereef,Shallow,2342,nSPC,American Samoa,TUT_SE,2010,ForereefShallow,2010-03-09,-14.30883,-170.69318,7,TUT10_12,Matuu - Faganeanea,1.72727272727273
TUT-00573,2012,SAMOA,Tutuila,Forereef,Mid,4396,nSPC,American Samoa,TUT_SE,2012,ForereefMid,2012-03-25,-14.30154584,-170.68103693,13.95,TUT10_12,Matuu - Faganeanea,2.92962962962963
TUT-00370,2010,SAMOA,Tutuila,Forereef,Mid,2340,nSPC,American Samoa,TUT_SE,2010,ForereefMid,2010-03-09,-14.30094,-170.68098,15.5,TUT10_12,Matuu - Faganeanea,2.14360313315927
TUT-02406,2016,SAMOA,Tutuila,Forereef,Shallow,9318,nSPC,American Samoa,TUT_SW,2016,ForereefShallow,2016-04-16,-14.327054,-170.808843,3.5,AS_SANCTUARY,Nua - Seetaga,1.98936170212766
TUT-02411,2016,SAMOA,Tutuila,Forereef,Shallow,9319,nSPC,American Samoa,TUT_SW,2016,ForereefShallow,2016-04-16,-14.332533,-170.820099,3.8,AS_SANCTUARY,Nua - Seetaga,2.37297297297297
TUT-01162,2015,SAMOA,Tutuila,Forereef,Shallow,8242,nSPC,American Samoa,TUT_SW,2015,ForereefShallow,2015-03-05,-14.33549238,-170.8060469,5.15,AS_SANCTUARY,Nua - Seetaga,2.47027027027027
TUT-02367,2016,SAMOA,Tutuila,Forereef,Mid,9312,nSPC,American Samoa,TUT_SW,2016,ForereefMid,2016-04-16,-14.327869,-170.811291,10.4,AS_SANCTUARY,Nua - Seetaga,0.927272727272727
TUT-02381,2016,SAMOA,Tutuila,Forereef,Mid,9308,nSPC,American Samoa,TUT_SW,2016,ForereefMid,2016-04-16,-14.332125,-170.808593,10.85,AS_SANCTUARY,Nua - Seetaga,3.02066115702479
TUT-02394,2016,SAMOA,Tutuila,Forereef,Mid,9317,nSPC,American Samoa,TUT_SW,2016,ForereefMid,2016-04-16,-14.330231,-170.810986,11.25,AS_SANCTUARY,Nua - Seetaga,1.94886363636364
TUT-02368,2016,SAMOA,Tutuila,Forereef,Mid,9313,nSPC,American Samoa,TUT_SW,2016,ForereefMid,2016-04-16,-14.331903,-170.825978,12.8,AS_SANCTUARY,Nua - Seetaga,2.957805907173
TUT-02358,2016,SAMOA,Tutuila,Forereef,Deep,9316,nSPC,American Samoa,TUT_SW,2016,ForereefDeep,2016-04-16,-14.335105,-170.807481,22.25,AS_SANCTUARY,Nua - Seetaga,1.74736842105263
TUT-01316,2015,SAMOA,Tutuila,Forereef,Deep,8272,nSPC,American Samoa,TUT_SW,2015,ForereefDeep,2015-03-06,-14.33259032,-170.82571009,23.15,AS_SANCTUARY,Nua - Seetaga,3.06127450980392
TUT-02356,2016,SAMOA,Tutuila,Forereef,Deep,9325,nSPC,American Samoa,TUT_SW,2016,ForereefDeep,2016-04-16,-14.334087,-170.818743,24.55,AS_SANCTUARY,Nua - Seetaga,2.69948186528497
TUT-00060,2008,SAMOA,Tutuila,Forereef,Deep,1274,nSPC,American Samoa,Tutuila,2008,ForereefDeep,2008-02-21,-14.332733,-170.809967,20,RAMP_BASIC,Nua - Seetaga,2.27513227513228
TUT-00426,2010,SAMOA,Tutuila,Forereef,Shallow,2265,nSPC,American Samoa,TUT_SW,2010,ForereefShallow,2010-02-28,-14.33227,-170.80858,4.5,TUT10_12,Nua - Seetaga,2.49653579676674
TUT-00511,2012,SAMOA,Tutuila,Forereef,Mid,4479,nSPC,American Samoa,TUT_SW,2012,ForereefMid,2012-04-03,-14.33388532,-170.80880488,10.35,TUT10_12,Nua - Seetaga,3.40728476821192
TUT-00359,2010,SAMOA,Tutuila,Forereef,Mid,2189,nSPC,American Samoa,TUT_SW,2010,ForereefMid,2010-02-20,-14.33254,-170.82018,11.5,TUT10_12,Nua - Seetaga,3.04263093788063
TUT-00591,2012,SAMOA,Tutuila,Forereef,Deep,4480,nSPC,American Samoa,TUT_SW,2012,ForereefDeep,2012-04-03,-14.33530404,-170.80775346,21.75,TUT10_12,Nua - Seetaga,3.02463054187192
TUT-00344,2010,SAMOA,Tutuila,Forereef,Deep,2271,nSPC,American Samoa,TUT_SW,2010,ForereefDeep,2010-02-28,-14.33291,-170.81322,25,TUT10_12,Nua - Seetaga,2.94610778443114
TUT-01109,2015,SAMOA,Tutuila,Forereef,Mid,8584,nSPC,American Samoa,TUT_SE,2015,ForereefMid,2015-03-27,-14.33440089,-170.70120287,9.1,AS_SANCTUARY,Nuuuli Pala,3.38686131386861
TUT-01073,2015,SAMOA,Tutuila,Forereef,Mid,8592,nSPC,American Samoa,TUT_SE,2015,ForereefMid,2015-03-27,-14.33630928,-170.70415012,9.55,AS_SANCTUARY,Nuuuli Pala,3.4991452991453
TUT-01335,2015,SAMOA,Tutuila,Forereef,Mid,8587,nSPC,American Samoa,TUT_SE,2015,ForereefMid,2015-03-27,-14.32027152,-170.69612134,10.7,AS_SANCTUARY,Nuuuli Pala,2.85757575757576
TUT-01037,2015,SAMOA,Tutuila,Forereef,Mid,8293,nSPC,American Samoa,TUT_SE,2015,ForereefMid,2015-03-07,-14.33112072,-170.69633726,12.65,AS_SANCTUARY,Nuuuli Pala,3.20240963855422
TUT-01279,2015,SAMOA,Tutuila,Forereef,Mid,8585,nSPC,American Samoa,TUT_SE,2015,ForereefMid,2015-03-27,-14.32719422,-170.69430079,12.7,AS_SANCTUARY,Nuuuli Pala,2.69675925925926
TUT-01018,2015,SAMOA,Tutuila,Forereef,Deep,8121,nSPC,American Samoa,TUT_SE,2015,ForereefDeep,2015-02-26,-14.32290922,-170.69746102,21,AS_SANCTUARY,Nuuuli Pala,2.28571428571429
TUT-01126,2015,SAMOA,Tutuila,Forereef,Deep,8300,nSPC,American Samoa,TUT_SE,2015,ForereefDeep,2015-03-07,-14.33598356,-170.70198884,24.25,AS_SANCTUARY,Nuuuli Pala,2.56761904761905
TUT-00009,2008,SAMOA,Tutuila,Forereef,Mid,1293,nSPC,American Samoa,Tutuila,2008,ForereefMid,2008-02-25,-14.33595,-170.70452,12,RAMP_BASIC,Nuuuli Pala,3.45859872611465
TUT-00063,2008,SAMOA,Tutuila,Forereef,Deep,1280,nSPC,American Samoa,Tutuila,2008,ForereefDeep,2008-02-22,-14.320367,-170.696817,18.5,RAMP_BASIC,Nuuuli Pala,1.93414634146341
TUT-00501,2012,SAMOA,Tutuila,Forereef,Shallow,4448,nSPC,American Samoa,TUT_SE,2012,ForereefShallow,2012-04-01,-14.323059,-170.697771,2.05,TUT10_12,Nuuuli Pala,2.55631399317406
TUT-00429,2010,SAMOA,Tutuila,Forereef,Shallow,2146,nSPC,American Samoa,TUT_SE,2010,ForereefShallow,2010-02-18,-14.32108,-170.69731,2.5,TUT10_12,Nuuuli Pala,1.57728706624606
TUT-00302,2010,SAMOA,Tutuila,Forereef,Shallow,2343,nSPC,American Samoa,TUT_SE,2010,ForereefShallow,2010-03-09,-14.33183,-170.69904,5,TUT10_12,Nuuuli Pala,2.70860927152318
TUT-00318,2010,SAMOA,Tutuila,Forereef,Shallow,2149,nSPC,American Samoa,TUT_SE,2010,ForereefShallow,2010-02-18,-14.33562,-170.70432,6,TUT10_12,Nuuuli Pala,3.20727848101266
TUT-00502,2012,SAMOA,Tutuila,Forereef,Mid,4449,nSPC,American Samoa,TUT_SE,2012,ForereefMid,2012-04-01,-14.333937,-170.700951,7.55,TUT10_12,Nuuuli Pala,3.32986111111111
TUT-00366,2010,SAMOA,Tutuila,Forereef,Mid,2156,nSPC,American Samoa,TUT_SE,2010,ForereefMid,2010-02-18,-14.33555,-170.70232,12,TUT10_12,Nuuuli Pala,3.64168618266979
TUT-00561,2012,SAMOA,Tutuila,Forereef,Deep,4447,nSPC,American Samoa,TUT_SE,2012,ForereefDeep,2012-04-01,-14.328219,-170.69406,25.45,TUT10_12,Nuuuli Pala,1.52898550724638
TUT-01065,2015,SAMOA,Tutuila,Forereef,Shallow,8207,nSPC,American Samoa,TUT_NE,2015,ForereefShallow,2015-03-03,-14.24690162,-170.57865174,4.7,AS_SANCTUARY,Onenoa,2.36931818181818
TUT-00272,2010,SAMOA,Tutuila,Forereef,Mid,2236,nSPC,American Samoa,TUT_NE,2010,ForereefMid,2010-02-24,-14.24624,-170.57898,16,TUT10_12,Onenoa,2.79883381924198
TUT-00500,2012,SAMOA,Tutuila,Forereef,Deep,4542,nSPC,American Samoa,TUT_NE,2012,ForereefDeep,2012-04-05,-14.24864329,-170.58519959,25.6,TUT10_12,Onenoa,2.615625
TUT-00343,2010,SAMOA,Tutuila,Forereef,Deep,2234,nSPC,American Samoa,TUT_NE,2010,ForereefDeep,2010-02-24,-14.24548,-170.5809,26,TUT10_12,Onenoa,2.42485549132948
TUT-01371,2015,SAMOA,Tutuila,Forereef,Mid,8302,nSPC,American Samoa,TUT_SE,2015,ForereefMid,2015-03-07,-14.30714177,-170.64151651,13.45,AS_SANCTUARY,Outer Banks,3.02649006622517
TUT-01040,2015,SAMOA,Tutuila,Forereef,Mid,8171,nSPC,American Samoa,TUT_SE,2015,ForereefMid,2015-03-02,-14.29553208,-170.56020074,13.65,AS_SANCTUARY,Outer Banks,3.24114671163575
TUT-01365,2015,SAMOA,Tutuila,Forereef,Mid,8644,nSPC,American Samoa,TUT_SE,2015,ForereefMid,2015-03-30,-14.31472706,-170.65203915,14.9,AS_SANCTUARY,Outer Banks,2.48828125
TUT-01282,2015,SAMOA,Tutuila,Forereef,Mid,8180,nSPC,American Samoa,TUT_SE,2015,ForereefMid,2015-03-02,-14.29955615,-170.61940472,15,AS_SANCTUARY,Outer Banks,3.29795158286778
TUT-01396,2015,SAMOA,Tutuila,Forereef,Mid,8120,nSPC,American Samoa,TUT_SE,2015,ForereefMid,2015-02-26,-14.32337911,-170.67181039,15.65,AS_SANCTUARY,Outer Banks,2.36082474226804
TUT-01196,2015,SAMOA,Tutuila,Forereef,Mid,8150,nSPC,American Samoa,TUT_SE,2015,ForereefMid,2015-02-28,-14.30415303,-170.5976748,15.75,AS_SANCTUARY,Outer Banks,3.58649789029536
TUT-01147,2015,SAMOA,Tutuila,Forereef,Mid,8144,nSPC,American Samoa,TUT_SE,2015,ForereefMid,2015-02-28,-14.30030088,-170.57679699,15.85,AS_SANCTUARY,Outer Banks,3.31947483588621
TUT-01376,2015,SAMOA,Tutuila,Forereef,Mid,8643,nSPC,American Samoa,TUT_SE,2015,ForereefMid,2015-03-30,-14.30618883,-170.64184089,16.55,AS_SANCTUARY,Outer Banks,1.2421875
TUT-01328,2015,SAMOA,Tutuila,Forereef,Deep,8306,nSPC,American Samoa,TUT_SE,2015,ForereefDeep,2015-03-12,-14.30045779,-170.61984083,20.7,AS_SANCTUARY,Outer Banks,2.69824561403509
TUT-01003,2015,SAMOA,Tutuila,Forereef,Deep,8294,nSPC,American Samoa,TUT_SE,2015,ForereefDeep,2015-03-07,-14.31085831,-170.64239209,21.75,AS_SANCTUARY,Outer Banks,1.53988868274583
TUT-01391,2015,SAMOA,Tutuila,Forereef,Deep,8605,nSPC,American Samoa,AUNUU_SANCTUARY_B,2015,ForereefDeep,2015-03-28,-14.27325441,-170.50509886,22.6,AS_SANCTUARY,Outer Banks,3.4453781512605
TUT-01096,2015,SAMOA,Tutuila,Forereef,Deep,8162,nSPC,American Samoa,TUT_NW,2015,ForereefDeep,2015-03-01,-14.2665835,-170.77122035,22.9,AS_SANCTUARY,Outer Banks,1.43424657534247
TUT-01182,2015,SAMOA,Tutuila,Forereef,Deep,8222,nSPC,American Samoa,TUT_NW,2015,ForereefDeep,2015-03-04,-14.25535066,-170.72990184,23.65,AS_SANCTUARY,Outer Banks,1.86780383795309
TUT-01075,2015,SAMOA,Tutuila,Forereef,Deep,8175,nSPC,American Samoa,TUT_SE,2015,ForereefDeep,2015-03-02,-14.31463578,-170.65461072,24.15,AS_SANCTUARY,Outer Banks,2.30844155844156
TUT-01057,2015,SAMOA,Tutuila,Forereef,Deep,8169,nSPC,American Samoa,TUT_SE,2015,ForereefDeep,2015-03-02,-14.29523444,-170.56710005,24.25,AS_SANCTUARY,Outer Banks,3.56410256410256
TUT-01370,2015,SAMOA,Tutuila,Forereef,Deep,8301,nSPC,American Samoa,TUT_SE,2015,ForereefDeep,2015-03-07,-14.32211311,-170.66651344,24.7,AS_SANCTUARY,Outer Banks,1.95505617977528
TUT-01176,2015,SAMOA,Tutuila,Forereef,Deep,8241,nSPC,American Samoa,TUT_SW,2015,ForereefDeep,2015-03-05,-14.35709565,-170.82673009,25.3,AS_SANCTUARY,Outer Banks,3.17701149425287
TUT-01333,2015,SAMOA,Tutuila,Forereef,Deep,8611,nSPC,American Samoa,AUNUU_SANCTUARY_B,2015,ForereefDeep,2015-03-28,-14.276132,-170.51043478,25.45,AS_SANCTUARY,Outer Banks,3.32882882882883
TUT-01410,2015,SAMOA,Tutuila,Forereef,Deep,8623,nSPC,American Samoa,AUNUU_SANCTUARY_B,2015,ForereefDeep,2015-03-29,-14.27457112,-170.50628507,26,AS_SANCTUARY,Outer Banks,3.16458132820019
TUT-01021,2015,SAMOA,Tutuila,Forereef,Deep,8642,nSPC,American Samoa,TUT_SE,2015,ForereefDeep,2015-03-30,-14.30524738,-170.64041873,26.5,AS_SANCTUARY,Outer Banks,2.62841530054645
TUT-01228,2015,SAMOA,Tutuila,Forereef,Deep,8213,nSPC,American Samoa,TUT_NE,2015,ForereefDeep,2015-03-04,-14.22775375,-170.69994408,27.85,AS_SANCTUARY,Outer Banks,2.31286549707602
TUT-01124,2015,SAMOA,Tutuila,Forereef,Deep,8624,nSPC,American Samoa,AUNUU_SANCTUARY_B,2015,ForereefDeep,2015-03-29,-14.2775656,-170.5140659,29.85,AS_SANCTUARY,Outer Banks,2.16785714285714
TUT-01206,2015,SAMOA,Tutuila,Forereef,Deep,8606,nSPC,American Samoa,AUNUU_SANCTUARY_B,2015,ForereefDeep,2015-03-28,-14.27962608,-170.51488909,31.2,AS_SANCTUARY,Outer Banks,2.98013245033113
TUT-00015,2008,SAMOA,Tutuila,Forereef,Mid,1276,nSPC,American Samoa,Tutuila,2008,ForereefMid,2008-02-22,-14.31541,-170.65647,14.5,RAMP_BASIC,Outer Banks,2.30383211678832
TUT-00069,2008,SAMOA,Tutuila,Forereef,Deep,1295,nSPC,American Samoa,Tutuila,2008,ForereefDeep,2008-02-25,-14.32205,-170.6675,19.25,RAMP_BASIC,Outer Banks,1.25909752547307
TUT-00270,2010,SAMOA,Tutuila,Forereef,Mid,2135,nSPC,American Samoa,TUT_SE,2010,ForereefMid,2010-02-17,-14.31487,-170.65503,11.5,TUT10_12,Outer Banks,1.88811188811189
TUT-00280,2010,SAMOA,Tutuila,Forereef,Mid,2174,nSPC,American Samoa,TUT_SE,2010,ForereefMid,2010-02-19,-14.29588,-170.56029,12,TUT10_12,Outer Banks,3.65339966832504
TUT-00293,2010,SAMOA,Tutuila,Forereef,Mid,2341,nSPC,American Samoa,TUT_SE,2010,ForereefMid,2010-03-09,-14.32171,-170.66896,13,TUT10_12,Outer Banks,3.03474903474904
TUT-00363,2010,SAMOA,Tutuila,Forereef,Mid,2133,nSPC,American Samoa,TUT_SE,2010,ForereefMid,2010-02-17,-14.31301,-170.65019,13.5,TUT10_12,Outer Banks,1.67951318458418
TUT-00508,2012,SAMOA,Tutuila,Forereef,Mid,4446,nSPC,American Samoa,TUT_SE,2012,ForereefMid,2012-04-01,-14.314822,-170.652518,13.55,TUT10_12,Outer Banks,1.91643454038997
TUT-00329,2010,SAMOA,Tutuila,Forereef,Mid,2141,nSPC,American Samoa,TUT_SE,2010,ForereefMid,2010-02-17,-14.32362,-170.67035,14,TUT10_12,Outer Banks,1.65112540192926
TUT-00361,2010,SAMOA,Tutuila,Forereef,Mid,2195,nSPC,American Samoa,TUT_SE,2010,ForereefMid,2010-02-21,-14.29602,-170.56581,14,TUT10_12,Outer Banks,3.63559870550162
TUT-00515,2012,SAMOA,Tutuila,Forereef,Mid,4454,nSPC,American Samoa,TUT_SE,2012,ForereefMid,2012-04-01,-14.30944956,-170.6426788,14.15,TUT10_12,Outer Banks,3.14978902953586
TUT-00523,2012,SAMOA,Tutuila,Forereef,Mid,4576,nSPC,American Samoa,TUT_SE,2012,ForereefMid,2012-04-07,-14.2991855,-170.57355721,14.8,TUT10_12,Outer Banks,2.94356005788712
TUT-00514,2012,SAMOA,Tutuila,Forereef,Mid,4445,nSPC,American Samoa,TUT_SE,2012,ForereefMid,2012-04-01,-14.312634,-170.64486,15.05,TUT10_12,Outer Banks,2.76521739130435
TUT-00296,2010,SAMOA,Tutuila,Forereef,Mid,2139,nSPC,American Samoa,TUT_SE,2010,ForereefMid,2010-02-17,-14.29448,-170.62241,16,TUT10_12,Outer Banks,2.00572519083969
TUT-00545,2012,SAMOA,Tutuila,Forereef,Mid,4577,nSPC,American Samoa,TUT_SE,2012,ForereefMid,2012-04-07,-14.30104879,-170.58070588,16.25,TUT10_12,Outer Banks,3.16933333333333
TUT-00590,2012,SAMOA,Tutuila,Forereef,Mid,4639,nSPC,American Samoa,TUT_SE,2012,ForereefMid,2012-04-12,-14.30526481,-170.59894373,16.5,TUT10_12,Outer Banks,1.86091127098321
TUT-00339,2010,SAMOA,Tutuila,Forereef,Mid,2160,nSPC,American Samoa,TUT_SE,2010,ForereefMid,2010-02-19,-14.30098,-170.5779,16.5,TUT10_12,Outer Banks,3.03112203112203
TUT-00533,2012,SAMOA,Tutuila,Forereef,Mid,4588,nSPC,American Samoa,TUT_SE,2012,ForereefMid,2012-04-07,-14.29797096,-170.57250905,17.4,TUT10_12,Outer Banks,3.20123839009288
TUT-00279,2010,SAMOA,Tutuila,Forereef,Mid,2196,nSPC,American Samoa,TUT_SE,2010,ForereefMid,2010-02-21,-14.29972,-170.57118,17.5,TUT10_12,Outer Banks,3.18926829268293
TUT-00351,2010,SAMOA,Tutuila,Forereef,Deep,2144,nSPC,American Samoa,TUT_SE,2010,ForereefDeep,2010-02-17,-14.29896,-170.63693,20,TUT10_12,Outer Banks,2.0188679245283
TUT-00358,2010,SAMOA,Tutuila,Forereef,Deep,2132,nSPC,American Samoa,TUT_SE,2010,ForereefDeep,2010-02-17,-14.31963,-170.66151,20.5,TUT10_12,Outer Banks,2.12813370473538
TUT-00202,2010,SAMOA,Tutuila,Forereef,Deep,2140,nSPC,American Samoa,TUT_SE,2010,ForereefDeep,2010-02-17,-14.32498,-170.67264,21,TUT10_12,Outer Banks,1.98765432098765
TUT-00314,2010,SAMOA,Tutuila,Forereef,Deep,2142,nSPC,American Samoa,TUT_SE,2010,ForereefDeep,2010-02-17,-14.32283,-170.66772,21,TUT10_12,Outer Banks,1.93968253968254
TUT-00585,2012,SAMOA,Tutuila,Forereef,Deep,4591,nSPC,American Samoa,TUT_SE,2012,ForereefDeep,2012-04-08,-14.31140589,-170.64798365,22.3,TUT10_12,Outer Banks,2.55660377358491
TUT-00588,2012,SAMOA,Tutuila,Forereef,Deep,4452,nSPC,American Samoa,TUT_SE,2012,ForereefDeep,2012-04-01,-14.29512614,-170.6243201,22.75,TUT10_12,Outer Banks,2.27826086956522
TUT-00360,2010,SAMOA,Tutuila,Forereef,Deep,2162,nSPC,American Samoa,TUT_SE,2010,ForereefDeep,2010-02-19,-14.29908,-170.56349,23,TUT10_12,Outer Banks,2.47755834829443
TUT-00260,2010,SAMOA,Tutuila,Forereef,Deep,2198,nSPC,American Samoa,TUT_NE,2010,ForereefDeep,2010-02-21,-14.27653,-170.50916,23,TUT10_12,Outer Banks,3.29411764705882
TUT-00284,2010,SAMOA,Tutuila,Forereef,Deep,2202,nSPC,American Samoa,TUT_NE,2010,ForereefDeep,2010-02-21,-14.27461,-170.50751,23,TUT10_12,Outer Banks,3.51829268292683
TUT-00205,2010,SAMOA,Tutuila,Forereef,Deep,2205,nSPC,American Samoa,TUT_NE,2010,ForereefDeep,2010-02-21,-14.26434,-170.50507,23,TUT10_12,Outer Banks,3.52390438247012
TUT-00595,2012,SAMOA,Tutuila,Forereef,Deep,4475,nSPC,American Samoa,TUT_SW,2012,ForereefDeep,2012-04-03,-14.36131661,-170.80753854,23.95,TUT10_12,Outer Banks,3.09163346613546
TUT-00326,2010,SAMOA,Tutuila,Forereef,Deep,2226,nSPC,American Samoa,TUT_NE,2010,ForereefDeep,2010-02-23,-14.23,-170.69742,24,TUT10_12,Outer Banks,2.05416666666667
TUT-00550,2012,SAMOA,Tutuila,Forereef,Deep,4600,nSPC,American Samoa,TUT_SE,2012,ForereefDeep,2012-04-08,-14.30339111,-170.59264264,24.2,TUT10_12,Outer Banks,2.86279683377309
TUT-00597,2012,SAMOA,Tutuila,Forereef,Deep,4544,nSPC,American Samoa,TUT_NE,2012,ForereefDeep,2012-04-06,-14.22547848,-170.64703297,25,TUT10_12,Outer Banks,2.92098765432099
TUT-00308,2010,SAMOA,Tutuila,Forereef,Deep,2165,nSPC,American Samoa,TUT_NE,2010,ForereefDeep,2010-02-19,-14.25745,-170.5064335,25.5,TUT10_12,Outer Banks,3.31942633637549
TUT-00362,2010,SAMOA,Tutuila,Forereef,Deep,2197,nSPC,American Samoa,TUT_SE,2010,ForereefDeep,2010-02-21,-14.30719,-170.59363,26,TUT10_12,Outer Banks,1.67222222222222
TUT-00255,2010,SAMOA,Tutuila,Forereef,Deep,2194,nSPC,American Samoa,TUT_SE,2010,ForereefDeep,2010-02-21,-14.30338,-170.5809,26,TUT10_12,Outer Banks,2.72093023255814
TUT-00228,2010,SAMOA,Tutuila,Forereef,Deep,2219,nSPC,American Samoa,TUT_NE,2010,ForereefDeep,2010-02-23,-14.22891,-170.69751,27,TUT10_12,Outer Banks,2.65909090909091
TUT-00583,2012,SAMOA,Tutuila,Forereef,Deep,4527,nSPC,American Samoa,TUT_NE,2012,ForereefDeep,2012-04-05,-14.23049865,-170.6961801,27.15,TUT10_12,Outer Banks,2.03025210084034
TUT-00210,2010,SAMOA,Tutuila,Forereef,Deep,2173,nSPC,American Samoa,TUT_NE,2010,ForereefDeep,2010-02-19,-14.27929,-170.51622,29,TUT10_12,Outer Banks,3.16292134831461
TUT-00568,2012,SAMOA,Tutuila,Forereef,Deep,4557,nSPC,American Samoa,TUT_NE,2012,ForereefDeep,2012-04-06,-14.22590654,-170.64551333,29.2,TUT10_12,Outer Banks,2.3765690376569
TUT-00784,2012,SAMOA,Tutuila,Forereef,Shallow,4618,nSPC,American Samoa,VATIA_FAGAALU,2012,ForereefShallow,2012-04-09,-14.2847138,-170.6742014,2.75,RAMP_BASIC,Pago Pago Harbor,3.16666666666667
TUT-00785,2012,SAMOA,Tutuila,Forereef,Mid,4617,nSPC,American Samoa,VATIA_FAGAALU,2012,ForereefMid,2012-04-09,-14.28422749,-170.67438086,10.2,RAMP_BASIC,Pago Pago Harbor,2.86885245901639
TUT-00020,2008,SAMOA,Tutuila,Forereef,Mid,1294,nSPC,American Samoa,Tutuila,2008,ForereefMid,2008-02-25,-14.27841,-170.66938,11.25,RAMP_BASIC,Pago Pago Harbor,2.93704600484261
TUT-00572,2012,SAMOA,Tutuila,Forereef,Mid,4395,nSPC,American Samoa,TUT_SE,2012,ForereefMid,2012-03-25,-14.29043815,-170.66537912,13.95,TUT10_12,Pago Pago Harbor,2.88934426229508
TUT-01044,2015,SAMOA,Tutuila,Forereef,Shallow,8166,nSPC,American Samoa,TUT_NW,2015,ForereefShallow,2015-03-01,-14.31777346,-170.83781959,3.2,AS_SANCTUARY,Poloa,2.84487534626039
TUT-02281,2016,SAMOA,Tutuila,Forereef,Mid,9295,nSPC,American Samoa,TUT_NW,2016,ForereefMid,2016-04-15,-14.315145,-170.837081,8.9,AS_SANCTUARY,Poloa,2.88778054862843
TUT-02292,2016,SAMOA,Tutuila,Forereef,Mid,9299,nSPC,American Samoa,TUT_NW,2016,ForereefMid,2016-04-15,-14.310338,-170.835298,13.35,AS_SANCTUARY,Poloa,2.97049180327869
TUT-02279,2016,SAMOA,Tutuila,Forereef,Mid,9305,nSPC,American Samoa,TUT_NW,2016,ForereefMid,2016-04-15,-14.317524,-170.837773,14.15,AS_SANCTUARY,Poloa,2.99827586206897
TUT-00007,2008,SAMOA,Tutuila,Forereef,Mid,1270,nSPC,American Samoa,Tutuila,2008,ForereefMid,2008-02-21,-14.31592,-170.83732,11,RAMP_BASIC,Poloa,2.75031210986267
TUT-00373,2010,SAMOA,Tutuila,Forereef,Mid,2255,nSPC,American Samoa,TUT_NW,2010,ForereefMid,2010-02-27,-14.31464,-170.83717,9,TUT10_12,Poloa,2.91184573002755
TUT-00367,2010,SAMOA,Tutuila,Forereef,Mid,2258,nSPC,American Samoa,TUT_NW,2010,ForereefMid,2010-02-27,-14.31953,-170.84418,10,TUT10_12,Poloa,3.43048128342246
TUT-00331,2010,SAMOA,Tutuila,Forereef,Mid,2274,nSPC,American Samoa,TUT_SW,2010,ForereefMid,2010-02-28,-14.32264,-170.84792,15.5,TUT10_12,Poloa,2.54813664596273
TUT-01010,2015,SAMOA,Tutuila,Forereef,Shallow,8132,nSPC,American Samoa,TUT_NE,2015,ForereefShallow,2015-02-27,-14.25738696,-170.58825446,4.9,AS_SANCTUARY,Sailele,1.7175
TUT-02336,2016,SAMOA,Tutuila,Forereef,Shallow,9459,nSPC,American Samoa,TUT_NE,2016,ForereefShallow,2016-04-29,-14.254439,-170.598932,5.35,AS_SANCTUARY,Sailele,2.77581120943953
TUT-01064,2015,SAMOA,Tutuila,Forereef,Mid,8133,nSPC,American Samoa,TUT_NE,2015,ForereefMid,2015-02-27,-14.25386187,-170.59606698,11.8,AS_SANCTUARY,Sailele,3.43142144638404
TUT-02314,2016,SAMOA,Tutuila,Forereef,Deep,9463,nSPC,American Samoa,TUT_NE,2016,ForereefDeep,2016-04-29,-14.255717,-170.59214,20.8,AS_SANCTUARY,Sailele,2.54929577464789
TUT-01009,2015,SAMOA,Tutuila,Forereef,Deep,8204,nSPC,American Samoa,TUT_NE,2015,ForereefDeep,2015-03-03,-14.25567378,-170.59387973,23.6,AS_SANCTUARY,Sailele,2.16578947368421
TUT-00050,2008,SAMOA,Tutuila,Forereef,Shallow,1255,nSPC,American Samoa,Tutuila,2008,ForereefShallow,2008-02-18,-14.250317,-170.5868,5,RAMP_BASIC,Sailele,2.23170731707317
TUT-00051,2008,SAMOA,Tutuila,Forereef,Mid,1256,nSPC,American Samoa,Tutuila,2008,ForereefMid,2008-02-18,-14.249717,-170.598917,21,RAMP_BASIC,Sailele,2.54379562043796
TUT-00577,2012,SAMOA,Tutuila,Forereef,Shallow,4541,nSPC,American Samoa,TUT_NE,2012,ForereefShallow,2012-04-05,-14.2560974,-170.59416588,4.95,TUT10_12,Sailele,2.70188679245283
TUT-00558,2012,SAMOA,Tutuila,Forereef,Deep,4540,nSPC,American Samoa,TUT_NE,2012,ForereefDeep,2012-04-05,-14.25439395,-170.59125392,23.8,TUT10_12,Sailele,2.43984962406015
TUT-00521,2012,SAMOA,Tutuila,Forereef,Deep,4530,nSPC,American Samoa,TUT_NE,2012,ForereefDeep,2012-04-05,-14.25092644,-170.59950767,24.8,TUT10_12,Sailele,2.78542510121457
TUT-01266,2015,SAMOA,Tutuila,Forereef,Shallow,8316,nSPC,American Samoa,TUT_SE,2015,ForereefShallow,2015-03-12,-14.35502825,-170.73119835,4.5,AS_SANCTUARY,Tafuna Plain,2.65671641791045
TUT-01194,2015,SAMOA,Tutuila,Forereef,Shallow,8124,nSPC,American Samoa,TUT_SE,2015,ForereefShallow,2015-02-26,-14.34320432,-170.72077269,5.2,AS_SANCTUARY,Tafuna Plain,1.84227129337539
TUT-01055,2015,SAMOA,Tutuila,Forereef,Mid,8123,nSPC,American Samoa,TUT_SE,2015,ForereefMid,2015-02-26,-14.33712937,-170.7089822,9.5,AS_SANCTUARY,Tafuna Plain,3.41594827586207
TUT-01144,2015,SAMOA,Tutuila,Forereef,Mid,8315,nSPC,American Samoa,TUT_SE,2015,ForereefMid,2015-03-12,-14.34407269,-170.71944298,11.55,AS_SANCTUARY,Tafuna Plain,2.39209726443769
TUT-01209,2015,SAMOA,Tutuila,Forereef,Mid,8641,nSPC,American Samoa,TUT_SE,2015,ForereefMid,2015-03-30,-14.34746283,-170.72124685,13.35,AS_SANCTUARY,Tafuna Plain,2.89752650176678
TUT-01223,2015,SAMOA,Tutuila,Forereef,Mid,8122,nSPC,American Samoa,TUT_SE,2015,ForereefMid,2015-02-26,-14.35885627,-170.73422028,13.85,AS_SANCTUARY,Tafuna Plain,2.54372623574144
TUT-01193,2015,SAMOA,Tutuila,Forereef,Mid,8582,nSPC,American Samoa,TUT_SE,2015,ForereefMid,2015-03-27,-14.35654563,-170.730966,17,AS_SANCTUARY,Tafuna Plain,2.34890965732087
TUT-01090,2015,SAMOA,Tutuila,Forereef,Deep,8593,nSPC,American Samoa,TUT_SE,2015,ForereefDeep,2015-03-27,-14.35340686,-170.72943077,22,AS_SANCTUARY,Tafuna Plain,2.89189189189189
TUT-01072,2015,SAMOA,Tutuila,Forereef,Deep,8583,nSPC,American Samoa,TUT_SE,2015,ForereefDeep,2015-03-27,-14.34344388,-170.71845476,25.3,AS_SANCTUARY,Tafuna Plain,2.19615384615385
TUT-00062,2008,SAMOA,Tutuila,Forereef,Shallow,1279,nSPC,American Samoa,Tutuila,2008,ForereefShallow,2008-02-22,-14.339333,-170.718917,5.5,RAMP_BASIC,Tafuna Plain,1.70209059233449
TUT-00021,2008,SAMOA,Tutuila,Forereef,Mid,1277,nSPC,American Samoa,Tutuila,2008,ForereefMid,2008-02-22,-14.35115,-170.72864,12,RAMP_BASIC,Tafuna Plain,2.40183486238532
TUT-00061,2008,SAMOA,Tutuila,Forereef,Deep,1278,nSPC,American Samoa,Tutuila,2008,ForereefDeep,2008-02-22,-14.35965,-170.734483,19.5,RAMP_BASIC,Tafuna Plain,1.66105263157895
TUT-00412,2010,SAMOA,Tutuila,Forereef,Shallow,2344,nSPC,American Samoa,TUT_SE,2010,ForereefShallow,2010-03-09,-14.3427,-170.72064,5.5,TUT10_12,Tafuna Plain,2.10047095761381
TUT-00254,2010,SAMOA,Tutuila,Forereef,Mid,2152,nSPC,American Samoa,TUT_SE,2010,ForereefMid,2010-02-18,-14.35507,-170.73053,11.5,TUT10_12,Tafuna Plain,2.79154658981748
TUT-00610,2012,SAMOA,Tutuila,Forereef,Mid,4450,nSPC,American Samoa,TUT_SE,2012,ForereefMid,2012-04-01,-14.338543,-170.716647,13.15,TUT10_12,Tafuna Plain,2.11822660098522
TUT-00241,2010,SAMOA,Tutuila,Forereef,Mid,2155,nSPC,American Samoa,TUT_SE,2010,ForereefMid,2010-02-18,-14.34597,-170.71994,14,TUT10_12,Tafuna Plain,2.54130052724077
TUT-00544,2012,SAMOA,Tutuila,Forereef,Mid,4485,nSPC,American Samoa,TUT_SE,2012,ForereefMid,2012-04-03,-14.36472184,-170.73861566,14.9,TUT10_12,Tafuna Plain,2.77717391304348
TUT-00562,2012,SAMOA,Tutuila,Forereef,Deep,4484,nSPC,American Samoa,TUT_SE,2012,ForereefDeep,2012-04-03,-14.3600201,-170.73380454,24.75,TUT10_12,Tafuna Plain,2.60591133004926
TUT-01047,2015,SAMOA,Tutuila,Forereef,Shallow,8194,nSPC,American Samoa,TUT_NE,2015,ForereefShallow,2015-03-03,-14.24734971,-170.57186977,3.95,AS_SANCTUARY,Tula,2.2914979757085
TUT-01100,2015,SAMOA,Tutuila,Forereef,Mid,8206,nSPC,American Samoa,TUT_NE,2015,ForereefMid,2015-03-03,-14.2453969,-170.57403222,9.65,AS_SANCTUARY,Tula,3.18421052631579
TUT-01169,2015,SAMOA,Tutuila,Forereef,Mid,8195,nSPC,American Samoa,TUT_NE,2015,ForereefMid,2015-03-03,-14.2551422,-170.55799412,13.35,AS_SANCTUARY,Tula,2.76513317191283
TUT-01184,2015,SAMOA,Tutuila,Forereef,Deep,8193,nSPC,American Samoa,TUT_NE,2015,ForereefDeep,2015-03-03,-14.24599771,-170.57181638,17.7,AS_SANCTUARY,Tula,2.63586956521739
TUT-01152,2015,SAMOA,Tutuila,Forereef,Deep,8208,nSPC,American Samoa,TUT_NE,2015,ForereefDeep,2015-03-03,-14.24946313,-170.56190277,25.45,AS_SANCTUARY,Tula,1.63982300884956
TUT-00017,2008,SAMOA,Tutuila,Forereef,Mid,1254,nSPC,American Samoa,Tutuila,2008,ForereefMid,2008-02-18,-14.24606,-170.57182,10.5,RAMP_BASIC,Tula,2.74694589877836
TUT-00525,2012,SAMOA,Tutuila,Forereef,Shallow,4534,nSPC,American Samoa,TUT_NE,2012,ForereefShallow,2012-04-05,-14.25078738,-170.56280926,3.05,TUT10_12,Tula,2.7565445026178
TUT-00275,2010,SAMOA,Tutuila,Forereef,Shallow,2240,nSPC,American Samoa,TUT_NE,2010,ForereefShallow,2010-02-25,-14.25449,-170.56274,5,TUT10_12,Tula,1.78894472361809
TUT-00208,2010,SAMOA,Tutuila,Forereef,Shallow,2459,nSPC,American Samoa,TUT_NE,2010,ForereefShallow,2010-03-21,-14.24676,-170.57286,6,TUT10_12,Tula,2.41832669322709
TUT-00555,2012,SAMOA,Tutuila,Forereef,Mid,4582,nSPC,American Samoa,TUT_NE,2012,ForereefMid,2012-04-07,-14.25552047,-170.5595389,10.4,TUT10_12,Tula,2.90909090909091
TUT-00278,2010,SAMOA,Tutuila,Forereef,Mid,2241,nSPC,American Samoa,TUT_NE,2010,ForereefMid,2010-02-25,-14.24804,-170.56104,10.5,TUT10_12,Tula,3.44692737430168
TUT-00543,2012,SAMOA,Tutuila,Forereef,Mid,4583,nSPC,American Samoa,TUT_NE,2012,ForereefMid,2012-04-07,-14.25316826,-170.56244725,11.1,TUT10_12,Tula,3.1043956043956
TUT-00554,2012,SAMOA,Tutuila,Forereef,Mid,4532,nSPC,American Samoa,TUT_NE,2012,ForereefMid,2012-04-05,-14.24500789,-170.56652303,12.05,TUT10_12,Tula,3.24409448818898
TUT-00630,2012,SAMOA,Tutuila,Forereef,Mid,4533,nSPC,American Samoa,TUT_NE,2012,ForereefMid,2012-04-05,-14.24540637,-170.56329013,16.6,TUT10_12,Tula,2.73228346456693
TUT-00371,2010,SAMOA,Tutuila,Forereef,Deep,2460,nSPC,American Samoa,TUT_NE,2010,ForereefDeep,2010-03-21,-14.24514,-170.56834,19,TUT10_12,Tula,3.33653846153846
TUT-01099,2015,SAMOA,Tutuila,Forereef,Mid,8129,nSPC,American Samoa,TUT_NE,2015,ForereefMid,2015-02-27,-14.24523437,-170.67122256,12,AS_SANCTUARY,Vatia,2.4578313253012
TUT-02324,2016,SAMOA,Tutuila,Forereef,Mid,9462,nSPC,American Samoa,TUT_NE,2016,ForereefMid,2016-04-29,-14.250376,-170.658847,12.8,AS_SANCTUARY,Vatia,2.87313432835821
TUT-02310,2016,SAMOA,Tutuila,Forereef,Deep,9471,nSPC,American Samoa,TUT_NE,2016,ForereefDeep,2016-04-29,-14.244918,-170.660984,20,AS_SANCTUARY,Vatia,2.61712846347607
TUT-01117,2015,SAMOA,Tutuila,Forereef,Deep,8134,nSPC,American Samoa,TUT_NE,2015,ForereefDeep,2015-02-27,-14.2497031,-170.65783625,23.05,AS_SANCTUARY,Vatia,2.6360153256705
TUT-01081,2015,SAMOA,Tutuila,Forereef,Deep,8130,nSPC,American Samoa,TUT_NE,2015,ForereefDeep,2015-02-27,-14.24473406,-170.66175621,26.5,AS_SANCTUARY,Vatia,2.36458333333333
TUT-00825,2012,SAMOA,Tutuila,Forereef,Shallow,4516,nSPC,American Samoa,VATIA_FAGAALU,2012,ForereefShallow,2012-04-04,-14.24979706,-170.67197458,3.1,RAMP_BASIC,Vatia,1.45398773006135
TUT-00899,2012,SAMOA,Tutuila,Forereef,Shallow,4564,nSPC,American Samoa,VATIA_FAGAALU,2012,ForereefShallow,2012-04-06,-14.24752984,-170.67353814,3.5,RAMP_BASIC,Vatia,1.16521739130435
TUT-00849,2012,SAMOA,Tutuila,Forereef,Shallow,4561,nSPC,American Samoa,VATIA_FAGAALU,2012,ForereefShallow,2012-04-06,-14.24306999,-170.67048998,3.5,RAMP_BASIC,Vatia,2.06164383561644
TUT-00871,2012,SAMOA,Tutuila,Forereef,Shallow,4501,nSPC,American Samoa,VATIA_FAGAALU,2012,ForereefShallow,2012-04-04,-14.24894764,-170.67405304,3.75,RAMP_BASIC,Vatia,2.10837438423645
TUT-00841,2012,SAMOA,Tutuila,Forereef,Shallow,4548,nSPC,American Samoa,VATIA_FAGAALU,2012,ForereefShallow,2012-04-06,-14.24255803,-170.6702122,4.1,RAMP_BASIC,Vatia,2.44267515923567
TUT-00876,2012,SAMOA,Tutuila,Forereef,Shallow,4512,nSPC,American Samoa,VATIA_FAGAALU,2012,ForereefShallow,2012-04-04,-14.24690245,-170.66191454,4.25,RAMP_BASIC,Vatia,2.53072625698324
TUT-00916,2012,SAMOA,Tutuila,Forereef,Shallow,4551,nSPC,American Samoa,VATIA_FAGAALU,2012,ForereefShallow,2012-04-06,-14.24782496,-170.66946278,4.5,RAMP_BASIC,Vatia,1.83177570093458
TUT-00886,2012,SAMOA,Tutuila,Forereef,Mid,4563,nSPC,American Samoa,VATIA_FAGAALU,2012,ForereefMid,2012-04-06,-14.24405009,-170.67061093,4.55,RAMP_BASIC,Vatia,1.014440433213
TUT-00823,2012,SAMOA,Tutuila,Forereef,Shallow,4522,nSPC,American Samoa,VATIA_FAGAALU,2012,ForereefShallow,2012-04-04,-14.24710177,-170.66720872,5.25,RAMP_BASIC,Vatia,1.80511182108626
TUT-00882,2012,SAMOA,Tutuila,Forereef,Mid,4547,nSPC,American Samoa,VATIA_FAGAALU,2012,ForereefMid,2012-04-06,-14.24430213,-170.67031354,6.7,RAMP_BASIC,Vatia,1.32704402515723
TUT-00836,2012,SAMOA,Tutuila,Forereef,Mid,4545,nSPC,American Samoa,VATIA_FAGAALU,2012,ForereefMid,2012-04-06,-14.23703067,-170.67031983,6.85,RAMP_BASIC,Vatia,3.02657004830918
TUT-00804,2012,SAMOA,Tutuila,Forereef,Mid,4560,nSPC,American Samoa,VATIA_FAGAALU,2012,ForereefMid,2012-04-06,-14.24062952,-170.66921308,7.1,RAMP_BASIC,Vatia,2.295
TUT-00809,2012,SAMOA,Tutuila,Forereef,Mid,4554,nSPC,American Samoa,VATIA_FAGAALU,2012,ForereefMid,2012-04-06,-14.24601397,-170.67204357,7.3,RAMP_BASIC,Vatia,2.27152317880795
TUT-00833,2012,SAMOA,Tutuila,Forereef,Mid,4571,nSPC,American Samoa,VATIA_FAGAALU,2012,ForereefMid,2012-04-06,-14.24175814,-170.66943956,7.5,RAMP_BASIC,Vatia,2.87228260869565
TUT-00875,2012,SAMOA,Tutuila,Forereef,Shallow,4506,nSPC,American Samoa,VATIA_FAGAALU,2012,ForereefShallow,2012-04-04,-14.23566182,-170.67049526,7.65,RAMP_BASIC,Vatia,2.08727272727273
TUT-00808,2012,SAMOA,Tutuila,Forereef,Mid,4498,nSPC,American Samoa,VATIA_FAGAALU,2012,ForereefMid,2012-04-04,-14.24652258,-170.66799871,7.8,RAMP_BASIC,Vatia,1.75503355704698
TUT-00853,2012,SAMOA,Tutuila,Forereef,Mid,4568,nSPC,American Samoa,VATIA_FAGAALU,2012,ForereefMid,2012-04-06,-14.23843606,-170.67022495,8.05,RAMP_BASIC,Vatia,3.3030303030303
TUT-00801,2012,SAMOA,Tutuila,Forereef,Mid,4499,nSPC,American Samoa,VATIA_FAGAALU,2012,ForereefMid,2012-04-04,-14.24658218,-170.66703706,8.35,RAMP_BASIC,Vatia,1.36271186440678
TUT-00877,2012,SAMOA,Tutuila,Forereef,Mid,4567,nSPC,American Samoa,VATIA_FAGAALU,2012,ForereefMid,2012-04-06,-14.24740344,-170.66395092,8.85,RAMP_BASIC,Vatia,1.49473684210526
TUT-00870,2012,SAMOA,Tutuila,Forereef,Mid,4550,nSPC,American Samoa,VATIA_FAGAALU,2012,ForereefMid,2012-04-06,-14.2466375,-170.66541767,9.25,RAMP_BASIC,Vatia,2.4618320610687
TUT-00832,2012,SAMOA,Tutuila,Forereef,Mid,4546,nSPC,American Samoa,VATIA_FAGAALU,2012,ForereefMid,2012-04-06,-14.23607622,-170.6700268,9.45,RAMP_BASIC,Vatia,2.90873015873016
TUT-00826,2012,SAMOA,Tutuila,Forereef,Mid,4510,nSPC,American Samoa,VATIA_FAGAALU,2012,ForereefMid,2012-04-04,-14.24661043,-170.66245341,9.45,RAMP_BASIC,Vatia,2.61882352941176
TUT-00828,2012,SAMOA,Tutuila,Forereef,Mid,4497,nSPC,American Samoa,VATIA_FAGAALU,2012,ForereefMid,2012-04-04,-14.22953272,-170.67104545,10.75,RAMP_BASIC,Vatia,3.12691466083151
TUT-00802,2012,SAMOA,Tutuila,Forereef,Mid,4507,nSPC,American Samoa,VATIA_FAGAALU,2012,ForereefMid,2012-04-04,-14.24866802,-170.6708986,10.9,RAMP_BASIC,Vatia,2.64186046511628
TUT-00807,2012,SAMOA,Tutuila,Forereef,Mid,4555,nSPC,American Samoa,VATIA_FAGAALU,2012,ForereefMid,2012-04-06,-14.24685241,-170.66428075,11.1,RAMP_BASIC,Vatia,2.4983164983165
TUT-00835,2012,SAMOA,Tutuila,Forereef,Mid,4570,nSPC,American Samoa,VATIA_FAGAALU,2012,ForereefMid,2012-04-06,-14.2442847,-170.66945096,11.4,RAMP_BASIC,Vatia,1.93273542600897
TUT-00837,2012,SAMOA,Tutuila,Forereef,Mid,4520,nSPC,American Samoa,VATIA_FAGAALU,2012,ForereefMid,2012-04-04,-14.24721392,-170.66910479,11.6,RAMP_BASIC,Vatia,2.57894736842105
TUT-00866,2012,SAMOA,Tutuila,Forereef,Mid,4556,nSPC,American Samoa,VATIA_FAGAALU,2012,ForereefMid,2012-04-06,-14.23808025,-170.66945993,11.7,RAMP_BASIC,Vatia,3.37246376811594
TUT-00839,2012,SAMOA,Tutuila,Forereef,Shallow,4562,nSPC,American Samoa,VATIA_FAGAALU,2012,ForereefShallow,2012-04-06,-14.24344969,-170.66977894,11.85,RAMP_BASIC,Vatia,2.73493975903614
TUT-00815,2012,SAMOA,Tutuila,Forereef,Mid,4509,nSPC,American Samoa,VATIA_FAGAALU,2012,ForereefMid,2012-04-04,-14.2461775,-170.66194111,11.9,RAMP_BASIC,Vatia,2.67602040816327
TUT-00890,2012,SAMOA,Tutuila,Forereef,Mid,4559,nSPC,American Samoa,VATIA_FAGAALU,2012,ForereefMid,2012-04-06,-14.23791806,-170.66904368,12.5,RAMP_BASIC,Vatia,3.37003610108303
TUT-00813,2012,SAMOA,Tutuila,Forereef,Mid,4515,nSPC,American Samoa,VATIA_FAGAALU,2012,ForereefMid,2012-04-04,-14.24659643,-170.66525196,12.55,RAMP_BASIC,Vatia,2.52852852852853
TUT-00822,2012,SAMOA,Tutuila,Forereef,Mid,4553,nSPC,American Samoa,VATIA_FAGAALU,2012,ForereefMid,2012-04-06,-14.24029885,-170.66901309,14.4,RAMP_BASIC,Vatia,2.49539170506912
TUT-00814,2012,SAMOA,Tutuila,Forereef,Mid,4521,nSPC,American Samoa,VATIA_FAGAALU,2012,ForereefMid,2012-04-04,-14.23288187,-170.67012973,14.75,RAMP_BASIC,Vatia,2.59305993690852
TUT-00803,2012,SAMOA,Tutuila,Forereef,Mid,4558,nSPC,American Samoa,VATIA_FAGAALU,2012,ForereefMid,2012-04-06,-14.23598636,-170.66908484,16.35,RAMP_BASIC,Vatia,2.9290780141844
TUT-00824,2012,SAMOA,Tutuila,Forereef,Mid,4514,nSPC,American Samoa,VATIA_FAGAALU,2012,ForereefMid,2012-04-04,-14.23147522,-170.67021681,17.2,RAMP_BASIC,Vatia,2.77797202797203
TUT-00821,2012,SAMOA,Tutuila,Forereef,Deep,4500,nSPC,American Samoa,VATIA_FAGAALU,2012,ForereefDeep,2012-04-04,-14.24545758,-170.67125575,18.8,RAMP_BASIC,Vatia,2.83783783783784
TUT-00810,2012,SAMOA,Tutuila,Forereef,Deep,4517,nSPC,American Samoa,VATIA_FAGAALU,2012,ForereefDeep,2012-04-04,-14.2452228,-170.67081679,18.9,RAMP_BASIC,Vatia,2.11888111888112
TUT-00820,2012,SAMOA,Tutuila,Forereef,Deep,4552,nSPC,American Samoa,VATIA_FAGAALU,2012,ForereefDeep,2012-04-06,-14.2472244,-170.66957853,19.8,RAMP_BASIC,Vatia,2.39716312056738
TUT-00812,2012,SAMOA,Tutuila,Forereef,Deep,4549,nSPC,American Samoa,VATIA_FAGAALU,2012,ForereefDeep,2012-04-06,-14.2459589,-170.66869257,21.95,RAMP_BASIC,Vatia,2.33870967741935
TUT-00838,2012,SAMOA,Tutuila,Forereef,Deep,4518,nSPC,American Samoa,VATIA_FAGAALU,2012,ForereefDeep,2012-04-04,-14.24779278,-170.67033332,22.1,RAMP_BASIC,Vatia,2.55714285714286
TUT-00817,2012,SAMOA,Tutuila,Forereef,Deep,4508,nSPC,American Samoa,VATIA_FAGAALU,2012,ForereefDeep,2012-04-04,-14.24566805,-170.66590935,22.1,RAMP_BASIC,Vatia,2.30769230769231
TUT-00831,2012,SAMOA,Tutuila,Forereef,Deep,4513,nSPC,American Samoa,VATIA_FAGAALU,2012,ForereefDeep,2012-04-04,-14.2373097,-170.66818479,23.75,RAMP_BASIC,Vatia,2.28758169934641
TUT-00811,2012,SAMOA,Tutuila,Forereef,Deep,4505,nSPC,American Samoa,VATIA_FAGAALU,2012,ForereefDeep,2012-04-04,-14.23954641,-170.66860724,26.55,RAMP_BASIC,Vatia,2.28089887640449
TUT-00819,2012,SAMOA,Tutuila,Forereef,Deep,4511,nSPC,American Samoa,VATIA_FAGAALU,2012,ForereefDeep,2012-04-04,-14.24512029,-170.66165948,27.35,RAMP_BASIC,Vatia,2.98081534772182
TUT-00236,2010,SAMOA,Tutuila,Forereef,Mid,2220,nSPC,American Samoa,TUT_NE,2010,ForereefMid,2010-02-23,-14.24653,-170.66848,13,TUT10_12,Vatia,3.17283950617284
TUT-00219,2010,SAMOA,Tutuila,Forereef,Mid,2337,nSPC,American Samoa,TUT_NE,2010,ForereefMid,2010-03-07,-14.23619,-170.66936,15,TUT10_12,Vatia,2.63847583643123
TUT-00491,2010,SAMOA,Tutuila,Forereef,Deep,2336,nSPC,American Samoa,TUT_NE,2010,ForereefDeep,2010-03-07,-14.24515,-170.67088,21,TUT10_12,Vatia,2.40760869565217
TUT-00516,2012,SAMOA,Tutuila,Forereef,Deep,4519,nSPC,American Samoa,TUT_NE,2012,ForereefDeep,2012-04-04,-14.23415777,-170.66948692,22.1,TUT10_12,Vatia,3.05442176870748
TUT-00379,2010,SAMOA,Tutuila,Forereef,Deep,2222,nSPC,American Samoa,TUT_NE,2010,ForereefDeep,2010-02-23,-14.22971,-170.67082,22.5,TUT10_12,Vatia,1.59941520467836
TUT-00691,2012,SAMOA,Tutuila,Forereef,Deep,4496,nSPC,American Samoa,TUT_NE,2012,ForereefDeep,2012-04-04,-14.23845073,-170.66871897,26.6,TUT10_12,Vatia,2.91948051948052
